Time,Voltage
0.0,-1.4466496974463137
0.003907776475185619,-1.0109936042973962
0.007815552950371238,-0.4359065156822584
0.011723329425556858,0.22616375748089013
0.015631105900742476,0.3604064713366379
0.019538882375928095,-0.7238169594917112
0.023446658851113716,-1.4600082357297206
0.027354435326299335,-1.5068373385550327
0.03126221180148495,-1.2371790004415546
0.035169988276670575,-0.43650396552467824
0.03907776475185619,-0.5507966065204666
0.04298554122704181,-1.1461602479802557
0.04689331770222743,-1.3063787933517204
0.05080109417741305,-1.9251506077752227
0.05470887065259867,-1.3966001676772524
0.058616647127784284,-0.7512693953163025
0.0625244236029699,0.1452433064512724
0.06643220007815552,0.3148253651895227
0.07033997655334115,-0.43962170412510143
0.07424775302852676,-0.5957913520289193
0.07815552950371238,-0.6485516087857319
0.08206330597889801,0.1305181874949112
0.08597108245408362,0.8347210057614065
0.08987885892926924,1.5494310992500346
0.09378663540445487,0.8073867442766953
0.09769441187964048,0.09253033141133823
0.1016021883548261,0.439228932604225
0.10550996483001171,0.7171470987818391
0.10941774130519734,1.9509481866687803
0.11332551778038295,2.079921529015232
0.11723329425556857,1.9850487576680473
0.1211410707307542,1.5583601155684768
0.1250488472059398,1.0832593790280154
0.12895662368112543,0.994606819164531
0.13286440015631104,1.4356866868134754
0.13677217663149666,1.7906587295233745
0.1406799531066823,1.3513200466678077
0.1445877295818679,0.7405634104413771
0.14849550605705353,0.05465696625744198
0.15240328253223914,0.22431329556134674
0.15631105900742476,0.6514854032021052
0.16021883548261037,0.9909656416245308
0.16412661195779601,1.6687818101224767
0.16803438843298163,1.0806946232535661
0.17194216490816724,0.22955706535633225
0.17584994138335286,-0.003440118491105208
0.17975771785853847,0.255337482921487
0.1836654943337241,0.8171884169255039
0.18757327080890973,0.8363247017108475
0.19148104728409535,0.6686417078368649
0.19538882375928096,0.059864890779620504
0.19929660023446658,-0.3946345019564021
0.2032043767096522,-0.5925117727688074
0.2071121531848378,0.15841031734661154
0.21101992966002342,0.6911057785870257
0.21492770613520906,0.7863678897885645
0.21883548261039468,0.5785799882860445
0.2227432590855803,-0.1451211041509902
0.2266510355607659,-0.8398440667135932
0.23055881203595152,-0.39348765007421976
0.23446658851113714,0.011715892099882908
0.23837436498632278,0.019508984221691988
0.2422821414615084,-0.21187598527719018
0.246189917936694,-0.7405570990914825
0.2500976944118796,-1.484166208683073
0.25400547088706527,-0.8643682637149883
0.25791324736225085,-0.811417702426588
0.2618210238374365,0.6391441889652708
0.2657288003126221,0.6390558864618371
0.2696365767878077,0.08556432526686233
0.2735443532629933,-0.3836293072632789
0.27745212973817895,-0.8082539515186304
0.2813599062133646,0.14626356250350425
0.2852676826885502,1.0314183698046493
0.2891754591637358,1.5735501888859948
0.2930832356389214,0.8614040815712939
0.29699101211410706,0.2337531934823647
0.3008987885892927,0.11917070632059713
0.3048065650644783,0.9268267435286597
0.30871434153966393,1.7349795863277984
0.3126221180148495,2.201778084806561
0.31652989449003516,2.2912341909308647
0.32043767096522074,1.5012402608488529
0.3243454474404064,0.9849866970150177
0.32825322391559203,0.5315512486568765
0.3321610003907776,1.0194743316777763
0.33606877686596326,1.4325932068971472
0.33997655334114885,1.1059929011809038
0.3438843298163345,0.7262847958567348
0.3477921062915201,-0.10231326241509187
0.3516998827667057,-0.4427384159682398
0.35560765924189136,-0.0531914110345743
0.35951543571707695,0.45769647894214865
0.3634232121922626,1.0170980579357125
0.3673309886674482,0.6735027981334364
0.3712387651426338,-0.2226813252821342
0.37514654161781946,-0.7048369730187967
0.37905431809300505,-0.5600425372416792
0.3829620945681907,0.25523884595462193
0.3868698710433763,0.34616095025133986
0.3907776475185619,0.18933121917086676
0.3946854239937475,-0.5853560348790834
0.39859320046893315,-1.6211975486816483
0.4025009769441188,-1.321875212766883
0.4064087534193044,-0.7061350504052666
0.41031652989449,0.5062566367282466
0.4142243063696756,0.22119544541257766
0.41813208284486125,-0.19009057342461125
0.42203985932004684,-1.1085763208230943
0.4259476357952325,-1.8685153087646205
0.4298554122704181,-1.3001157114678912
0.4337631887456037,-0.8635689432075417
0.43767096522078935,-0.5644944443053573
0.44157874169597494,-1.2223662630831196
0.4454865181711606,-1.5224861547065722
0.44939429464634617,-2.614775954557784
0.4533020711215318,-2.063607890267171
0.45720984759671746,-0.9475306594573389
0.46111762407190304,-0.7211601157613362
0.4650254005470887,-0.36347826121810345
0.4689331770222743,-0.6301270328453605
0.4728409534974599,-1.3302321405651958
0.47674872997264556,-1.6721918728411143
0.48065650644783114,-0.8349325889972212
0.4845642829230168,-0.2572671620176883
0.4884720593982024,0.48513035667951104
0.492379835873388,0.00047545044328710194
0.4962876123485736,-0.08488229833752865
0.5001953888237592,-0.8142320181487605
0.5041031652989448,-0.30324977457917485
0.5080109417741305,0.8288016742022752
0.5119187182493161,1.1779744520594955
0.5158264947245017,1.5052871124586078
0.5197342711996873,1.0911138691210578
0.523642047674873,-0.19975568427930634
0.5275498241500586,-0.07964811032836176
0.5314576006252442,0.29999126592642505
0.5353653771004299,0.8935884435012692
0.5392731535756154,0.5242614832063308
0.543180930050801,-0.10815752964122675
0.5470887065259866,-0.5818823294079498
0.5509964830011723,-1.0211567770694765
0.5549042594763579,-0.6853256662324105
0.5588120359515435,0.0949965542985547
0.5627198124267292,0.39657182823313764
0.5666275889019148,0.370044853469532
0.5705353653771004,-0.3608890030220421
0.574443141852286,-1.2180315042059748
0.5783509183274717,-0.7753216129562712
0.5822586948026572,-0.5418287473042274
0.5861664712778428,-0.3460859592215564
0.5900742477530285,-0.006932273915166544
0.5939820242282141,-0.9391712745263306
0.5978898007033997,-1.2982344399039765
0.6017975771785854,-1.3963237057524869
0.605705353653771,-1.245754331894277
0.6096131301289566,-0.09475020877051528
0.6135209066041422,0.1899265598441257
0.6174286830793279,-0.08480288330107065
0.6213364595545134,-0.6820960560680812
0.625244236029699,-1.7029239100527167
0.6291520125048847,-1.7665100746381641
0.6330597889800703,-1.2757366140489679
0.6369675654552559,-0.8536811765244029
0.6408753419304415,-0.8881167322937196
0.6447831184056272,-1.4874488235270058
0.6486908948808128,-2.0989199901031035
0.6525986713559984,-1.9370917637504619
0.6565064478311841,-1.3404307610946538
0.6604142243063696,-0.13632041610001927
0.6643220007815552,-0.034284705737174195
0.6682297772567408,0.2807794168635552
0.6721375537319265,-0.6953841531979242
0.6760453302071121,-1.2049718678327916
0.6799531066822977,-0.8001565481022864
0.6838608831574834,0.3273668484159774
0.687768659632669,0.7648507244502432
0.6916764361078546,0.8755022959749681
0.6955842125830402,0.3092354163541971
0.6994919890582258,-0.14159235696739542
0.7033997655334114,0.026497832517203793
0.707307542008597,0.786611170694058
0.7112153184837827,1.8476170826238487
0.7151230949589683,2.3125280076625385
0.7190308714341539,1.6752637106322323
0.7229386479093395,0.6565007668447608
0.7268464243845252,0.6104560057188809
0.7307542008597108,0.9519674873698752
0.7346619773348964,1.2419856450489763
0.738569753810082,1.6010418855919821
0.7424775302852676,1.082974002925621
0.7463853067604532,0.022795200632321592
0.7502930832356389,-0.18289985305789114
0.7542008597108245,0.08877425594002378
0.7581086361860101,0.937265167224172
0.7620164126611957,1.5391238629322457
0.7659241891363814,1.0063127799327722
0.769831965611567,0.4171311021784709
0.7737397420867526,-0.016514196799034028
0.7776475185619383,-0.19341414061015128
0.7815552950371238,0.24655464486282402
0.7854630715123094,1.4675093456101815
0.789370847987495,0.9318143469256702
0.7932786244626807,0.5118019481478749
0.7971864009378663,-0.2591752429393438
0.8010941774130519,-0.6153659007473751
0.8050019538882376,-0.3791820388845967
0.8089097303634232,0.6342113244341605
0.8128175068386088,0.8398795332266279
0.8167252833137943,0.7154942428180825
0.82063305978898,-0.10903700821377534
0.8245408362641656,-0.692154308050884
0.8284486127393512,-0.3523717050759525
0.8323563892145369,-0.7084070195940295
0.8362641656897225,0.25185240545008775
0.8401719421649081,-0.267624091301292
0.8440797186400937,-0.6825246631971609
0.8479874951152794,-1.0573193086522288
0.851895271590465,-1.3578752979018658
0.8558030480656506,-0.9412668646822524
0.8597108245408362,0.05838810561108804
0.8636186010160218,0.8700074481743354
0.8675263774912074,0.4227902017965139
0.871434153966393,0.024141072091982053
0.8753419304415787,-0.3537975918411321
0.8792497069167643,-0.18141488500242678
0.8831574833919499,1.140229526751086
0.8870652598671356,1.4855526365751184
0.8909730363423212,0.9911918526261606
0.8948808128175068,0.917279667299855
0.8987885892926923,0.3017360685441532
0.902696365767878,0.7560336317703491
0.9066041422430636,1.2303135688973081
0.9105119187182492,2.246581962373059
0.9144196951934349,2.6903026927219935
0.9183274716686205,2.3251007560575174
0.9222352481438061,1.1468653622943068
0.9261430246189918,0.8548253810686826
0.9300508010941774,0.9977115612320614
0.933958577569363,1.4724464828021884
0.9378663540445485,2.1736064859325137
0.9417741305197342,1.4877800116834878
0.9456819069949198,0.31722910727372927
0.9495896834701054,0.10715397879238883
0.9534974599452911,0.4063548342264445
0.9574052364204767,0.8571489054721722
0.9613130128956623,1.0104589789160607
0.9652207893708479,1.2549700795215961
0.9691285658460336,0.9662444173277606
0.9730363423212192,-0.2114360330645168
0.9769441187964047,-0.3187678001732546
0.9808518952715904,0.06447703990472729
0.984759671746776,0.2969151972078261
0.9886674482219616,0.6506711928737293
0.9925752246971472,-0.4337829805401633
0.9964830011723329,-0.7821157579331559
1.0003907776475185,-1.077735981043855
1.004298554122704,-1.0006346610820505
1.0082063305978897,0.31270536040861996
1.0121141070730753,0.29054848159521246
1.016021883548261,0.3617533842194418
1.0199296600234466,-0.274058554268088
1.0238374364986322,-0.8056114868902797
1.0277452129738178,-1.6121517534602277
1.0316529894490034,-0.7442329596780606
1.035560765924189,-0.4849742806464865
1.0394685423993746,-0.6587193394839775
1.0433763188745604,-0.9646441950383691
1.047284095349746,-1.7626830546458667
1.0511918718249316,-2.1775553772031286
1.0550996483001172,-1.5463504943042774
1.0590074247753027,-0.7284333012961546
1.0629152012504883,-0.0013054534396090682
1.066822977725674,0.03637746292862217
1.0707307542008597,-0.3569003309494896
1.0746385306760453,-1.3569167262487447
1.078546307151231,-0.5317570709560805
1.0824540836264165,-0.6110868680605078
1.086361860101602,0.4357963121663425
1.0902696365767877,0.7128558349350888
1.0941774130519732,0.1972750115243741
1.098085189527159,-0.5001581981860447
1.1019929660023446,-0.40108861000117624
1.1059007424775302,0.24229894077233602
1.1098085189527158,1.1372580360963491
1.1137162954279014,1.8680768820103895
1.117624071903087,1.4526383749318859
1.1215318483782726,0.47992525766759825
1.1254396248534584,0.22994762549673675
1.129347401328644,0.17416200215576136
1.1332551778038296,0.7638587969297099
1.1371629542790151,1.0513553991191942
1.1410707307542007,0.4671161618555841
1.1449785072293863,-0.2885719953211088
1.148886283704572,-0.7502924916040836
1.1527940601797577,-0.8444358680803697
1.1567018366549433,-0.3696413898129974
1.160609613130129,0.37042429875933625
1.1645173896053145,0.7820298382071211
1.1684251660805,-0.10477152826561444
1.1723329425556857,-0.6864353213333014
1.1762407190308715,-1.2661986204876279
1.180148495506057,-1.038639036446566
1.1840562719812426,-0.2002528471555454
1.1879640484564282,0.052233257778682526
1.1918718249316138,-0.28903538237581766
1.1957796014067994,-0.9445024983452642
1.199687377881985,-1.724728016470837
1.2035951543571708,-1.4354575836356323
1.2075029308323564,-0.898723806997376
1.211410707307542,-0.09661373440013382
1.2153184837827276,-0.14410287951834327
1.2192262602579131,-0.7439443252197631
1.2231340367330987,-1.4531165488170763
1.2270418132082843,-2.070358823161882
1.2309495896834701,-1.201410722639861
1.2348573661586557,-1.2672796016244854
1.2387651426338413,-1.1486578254452255
1.2426729191090269,-1.1546665107110283
1.2465806955842125,-1.9650245522546896
1.250488472059398,-2.3525083935272018
1.2543962485345836,-1.9487693496140928
1.2583040250097695,-1.1611167204531234
1.262211801484955,-0.5764052559198666
1.2661195779601406,-0.29437121091399343
1.2700273544353262,-0.9316609015316425
1.2739351309105118,-1.0985809544787595
1.2778429073856974,-1.2406824721991414
1.281750683860883,-0.6898261898307385
1.2856584603360688,0.19018474600814325
1.2895662368112544,0.6213839550620878
1.29347401328644,0.08801381315529579
1.2973817897616255,-0.48926082471447097
1.3012895662368111,-0.3563088426735334
1.3051973427119967,0.27292369089053775
1.3091051191871823,1.086771952559298
1.3130128956623681,1.7008314642826479
1.3169206721375537,1.6834719422627038
1.3208284486127393,0.655507157218985
1.3247362250879249,0.053617780484082486
1.3286440015631105,0.16366297826446602
1.332551778038296,0.7461446561770242
1.3364595545134816,1.278831596760328
1.3403673309886674,1.3588734935846372
1.344275107463853,0.5170559402429599
1.3481828839390386,-0.43428299656099995
1.3520906604142242,-0.5822005641008873
1.3559984368894098,-0.238458770875954
1.3599062133645954,0.7270068100877578
1.363813989839781,1.0148589626128244
1.3677217663149668,0.7491808380109054
1.3716295427901524,-0.2507641163612783
1.375537319265338,-0.5019487412252139
1.3794450957405235,-0.1626542991882653
1.3833528722157091,0.10500800018123727
1.3872606486908947,0.6247696523392514
1.3911684251660803,0.48103254918336724
1.3950762016412661,-0.42892745496756285
1.3989839781164517,-0.9042567143858794
1.4028917545916373,-0.9003595438021471
1.4067995310668229,-0.20136958252035264
1.4107073075420085,0.3867626997408285
1.414615084017194,0.73686931097249
1.4185228604923796,0.2972540097118974
1.4224306369675654,-0.33176967383975314
1.426338413442751,-0.871812712618193
1.4302461899179366,-0.42582314944782296
1.4341539663931222,-0.44161288895011636
1.4380617428683078,0.1493157697770458
1.4419695193434934,-0.3414132314709673
1.445877295818679,-0.6811773539856549
1.4497850722938648,-1.7260994770980762
1.4536928487690504,-1.461473684142041
1.457600625244236,-0.547105040773095
1.4615084017194215,-0.006750625949245126
1.4654161781946071,0.5308710689351701
1.4693239546697927,0.06539526683094021
1.4732317311449783,-0.2985697421002785
1.477139507620164,-0.3114656251150163
1.4810472840953497,0.5825032053922102
1.4849550605705353,1.2105700595990911
1.4888628370457209,1.3122818607656248
1.4927706135209065,0.9937442957176594
1.496678389996092,0.7121650318535113
1.5005861664712778,0.15739772686402287
1.5044939429464634,1.2726044790391624
1.508401719421649,2.0829219228234326
1.5123094958968346,2.4645983238298674
1.5162172723720202,2.1935227559913257
1.5201250488472058,2.1310879784550236
1.5240328253223914,1.153697971972514
1.5279406017975772,1.2565108232365818
1.5318483782727628,1.1117747397558733
1.5357561547479484,1.7738300745598137
1.539663931223134,1.8467122743625823
1.5435717076983195,1.1864289700674029
1.5474794841735051,0.2681016233563587
1.5513872606486907,0.1453900194502778
1.5552950371238765,0.21922667063245838
1.559202813599062,1.1569941590691675
1.5631105900742477,1.6395112762977622
1.5670183665494333,1.4278082276492658
1.5709261430246189,0.686671088572871
1.5748339194998044,-0.30337568064012743
1.57874169597499,-0.39040839988404924
1.5826494724501758,0.674724744789633
1.5865572489253614,0.9570242280659564
1.590465025400547,0.6376616755972844
1.5943728018757326,0.41061587269210054
1.5982805783509182,-0.5652000166638445
1.6021883548261038,-0.4795215914058131
1.6060961313012894,-0.13078522348038132
1.6100039077764752,1.0222177592808162
1.6139116842516608,1.2572025050144597
1.6178194607268463,0.415325641835666
1.621727237202032,-0.19399097132354368
1.6256350136772175,-0.8397359579564772
1.629542790152403,-0.6300880975412266
1.6334505666275887,-0.5815685372505157
1.6373583431027745,0.06947947911922991
1.64126611957796,-0.1356928113219405
1.6451738960531457,-1.4232396715739155
1.6490816725283313,-1.9011613967958885
1.6529894490035169,-1.9710657627584702
1.6568972254787024,-0.8613345603777197
1.660805001953888,0.19361465063031613
1.6647127784290738,0.6729392387349166
1.6686205549042594,0.03289256403703315
1.672528331379445,-0.26593775090976957
1.6764361078546306,-1.05068884315278
1.6803438843298162,-0.6472835536914346
1.6842516608050018,0.4620756553120422
1.6881594372801874,1.0263511394066027
1.6920672137553732,0.7684139231866518
1.6959749902305588,-0.2014428265509113
1.6998827667057443,-0.15030078567382296
1.70379054318093,-0.03705680761781738
1.7076983196561155,1.2248948247746176
1.711606096131301,1.935418682663793
1.7155138726064867,1.7717153643501888
1.7194216490816725,1.2500829378913185
1.723329425556858,0.3849291644859929
1.7272372020320437,0.27983915404878223
1.7311449785072293,0.7878144543773162
1.7350527549824148,0.8963098133550668
1.7389605314576004,1.2418664890742765
1.742868307932786,0.44613942264381784
1.7467760844079718,-0.46595034964629733
1.7506838608831574,-0.8033043034625671
1.754591637358343,-0.7163189055733361
1.7584994138335286,0.10724086243425535
1.7624071903087142,0.5045394293517774
1.7663149667838998,0.9521426942527634
1.7702227432590854,-0.16617211991901845
1.7741305197342712,-1.0245579221648442
1.7780382962094567,-0.9852888932208516
1.7819460726846423,-0.597425854085149
1.785853849159828,-0.09953975336212609
1.7897616256350135,0.07219748209656486
1.793669402110199,-0.5042402090372737
1.7975771785853847,-1.499498265259708
1.8014849550605705,-1.7603776738467563
1.805392731535756,-1.2375045231549189
1.8093005080109417,-0.8483047736744943
1.8132082844861273,-0.2743291023230721
1.8171160609613128,-0.034691129372280756
1.8210238374364984,-0.7975119409557605
1.824931613911684,-1.83240513484247
1.8288393903868698,-1.7134281977584445
1.8327471668620554,-1.2905712119844375
1.836654943337241,-0.33533808810011023
1.8405627198124266,-0.865183706182693
1.8444704962876122,-1.7882205723101918
1.8483782727627978,-2.601889975641166
1.8522860492379836,-2.7583263844623196
1.8561938257131692,-1.714142342889504
1.8601016021883547,-0.9849022618505847
1.8640093786635403,-0.642777348688033
1.867917155138726,-0.7288474766159507
1.8718249316139115,-1.401247040036662
1.875732708089097,-1.1487740362726637
1.879640484564283,-0.9276209561637561
1.8835482610394685,-0.30120879440532516
1.887456037514654,0.5878863399821285
1.8913638139898397,0.2796738811850036
1.8952715904650252,-0.422376786328118
1.8991793669402108,-0.3549347380007866
1.9030871434153964,-0.30025682812735516
1.9069949198905822,0.24225894125943961
1.9109026963657678,1.277029034352324
1.9148104728409534,1.4064582112405715
1.918718249316139,0.8299518014785224
1.9226260257913246,0.5270373581907695
1.9265338022665102,0.3379853741178468
1.9304415787416958,-0.05662990049764608
1.9343493552168816,0.8592167464312359
1.9382571316920671,0.8214499513904205
1.9421649081672527,0.3959738345790759
1.9460726846424383,-0.45303610232084984
1.949980461117624,-1.0558450415361849
1.9538882375928095,-0.708326915107394
1.957796014067995,-0.15487843979163504
1.961703790543181,0.7017421281302625
1.9656115670183665,0.6396293410118612
1.969519343493552,-0.039078316210535896
1.9734271199687377,-0.9064764867252121
1.9773348964439232,-1.0712633997093621
1.9812426729191088,-0.40628625439682425
1.9851504493942944,0.13318792873515362
1.9890582258694802,0.005095436668173469
1.9929660023446658,-0.2679874185201928
1.9968737788198514,-0.8784094804645436
2.000781555295037,-1.6929882704716703
2.004689331770223,-0.882683072074626
2.008597108245408,-0.3104573020745177
2.012504884720594,0.49012827386766666
2.0164126611957793,0.07276078168425638
2.020320437670965,-0.8713151820644174
2.0242282141461505,-1.5490797042937665
2.0281359906213363,-1.3596377452773396
2.032043767096522,-0.8748590919875779
2.0359515435717075,-0.6003689053878939
2.0398593200468933,-0.3042567781138413
2.0437670965220787,-1.3418295217338319
2.0476748729972645,-1.7155725250069938
2.05158264947245,-2.083153626198708
2.0554904259476356,-1.3671511207433553
2.0593982024228215,-0.28095663964685397
2.063305978898007,0.15216886503853672
2.0672137553731926,0.14534767189087175
2.071121531848378,-0.13687596357460508
2.075029308323564,-0.8102419842469294
2.078937084798749,-0.2600003806953219
2.082844861273935,0.13842295733493187
2.086752637749121,1.1566911785125178
2.090660414224306,1.4342755647525425
2.094568190699492,0.21526593375718264
2.0984759671746773,0.08459786652114466
2.102383743649863,0.4760975254134682
2.1062915201250485,1.1057484042783154
2.1101992966002343,2.1448191483511256
2.11410707307542,2.3625337574771685
2.1180148495506055,2.1377244030219256
2.1219226260257913,1.3409903193561323
2.1258304025009767,1.1177278702461546
2.1297381789761625,1.0869483677474843
2.133645955451348,1.6316105519630504
2.1375537319265336,1.7829437142073548
2.1414615084017194,1.4234149829168452
2.145369284876905,0.6248591269422408
2.1492770613520906,0.1349353345657628
2.153184837827276,0.0037069365606135773
2.157092614302462,0.7991808301063248
2.161000390777647,1.847517327198875
2.164908167252833,1.7391705175686012
2.168815943728019,0.940231405777194
2.172723720203204,0.45458514761944646
2.17663149667839,-0.22003729916684048
2.1805392731535753,-0.24032172240480756
2.184447049628761,0.5497889339426966
2.1883548261039465,0.6358947674190722
2.1922626025791323,0.5345848166798867
2.196170379054318,-0.15113348598339374
2.2000781555295035,-0.30227371816993615
2.2039859320046893,-0.33206426661287886
2.2078937084798747,0.31626628330086515
2.2118014849550605,1.1516187853855073
2.215709261430246,0.5176263245690543
2.2196170379054316,0.29662705579644727
2.2235248143806174,-0.3918490264198534
2.227432590855803,-1.1149901102710278
2.2313403673309886,-0.26386268331053286
2.235248143806174,0.09168877239687914
2.23915592028136,0.028380498135454776
2.243063696756545,-0.3032808326404432
2.246971473231731,-0.7315831825698904
2.2508792497069168,-1.4434102767210828
2.254787026182102,-0.9749641976756813
2.258694802657288,-0.20477620342725697
2.2626025791324733,0.40253858025409045
2.266510355607659,0.7256119108670042
2.2704181320828445,-0.14901835211102452
2.2743259085580303,-0.4462134791018128
2.278233685033216,-0.4344498414356972
2.2821414615084015,0.445241965374454
2.2860492379835873,1.142677376978208
2.2899570144587726,1.469946872580028
2.2938647909339585,0.7477758872796586
2.297772567409144,0.25394292952830705
2.3016803438843296,0.07729524523070036
2.3055881203595154,0.835223860658007
2.309495896834701,1.9159139408922103
2.3134036733098866,2.4941220692598676
2.317311449785072,1.901723172474735
2.321219226260258,1.49033320709734
2.325127002735443,0.9810504214315905
2.329034779210629,0.8000327668049925
2.3329425556858148,1.554317788119116
2.336850332161,1.3894242793272318
2.340758108636186,1.0429115399192486
2.3446658851113713,0.143649110072321
2.348573661586557,0.022148778527952558
2.352481438061743,-0.28180706671638484
2.3563892145369283,0.12724757168249048
2.360296991012114,0.9102105136984735
2.3642047674872995,0.8662741877477262
2.3681125439624853,1.0721237921752218
2.3720203204376706,-0.19953758530538732
2.3759280969128564,-0.7010581809141075
2.3798358733880423,-0.41598793073214135
2.3837436498632276,0.09588452482000223
2.3876514263384134,0.3764861857941351
2.391559202813599,-0.12691106459458765
2.3954669792887846,-0.6394399780722442
2.39937475576397,-0.9552210036856573
2.4032825322391558,-0.9785274262187983
2.4071903087143416,-0.24734315325834394
2.411098085189527,0.030928937808142737
2.4150058616647128,0.01919647787395889
2.418913638139898,-0.437241584615656
2.422821414615084,-1.2428040771363111
2.4267291910902693,-1.4572282890647084
2.430636967565455,-1.7631497099768723
2.434544744040641,-0.6166878714290706
2.4384525205158263,-0.7621528631791464
2.442360296991012,-1.2613464388919242
2.4462680734661975,-2.1400637150456503
2.4501758499413833,-2.6955772449137254
2.4540836264165686,-1.8941617373052189
2.4579914028917544,-1.1704456087095647
2.4618991793669402,-0.6659648262641812
2.4658069558421256,-0.5395498669906704
2.4697147323173114,-0.8385655352545875
2.473622508792497,-0.9861881822119715
2.4775302852676826,-1.3647890479258997
2.481438061742868,-0.9830852877465242
2.4853458382180538,0.036403447388654774
2.4892536146932396,0.3486103276837887
2.493161391168425,-0.4496574583180548
2.4970691676436108,-0.49557318678131773
2.500976944118796,-0.6810675426977923
2.504884720593982,0.055407952950580375
2.5087924970691673,1.2158075015059284
2.512700273544353,1.710548225081453
2.516608050019539,1.3244058281087285
2.5205158264947243,0.46179637205471835
2.52442360296991,0.5163361425011495
2.5283313794450955,-0.07021151375829893
2.5322391559202813,0.36145977189117395
2.5361469323954666,0.7932293516302491
2.5400547088706524,0.725711649528312
2.5439624853458382,-0.04972761805588184
2.5478702618210236,-0.9272511106142449
2.5517780382962094,-1.1742448866611817
2.555685814771395,-0.60147079061975
2.5595935912465806,0.06416949192153877
2.563501367721766,0.4100049615456454
2.5674091441969518,0.2238713931313037
2.5713169206721376,-0.6283403533022724
2.575224697147323,-0.8545066595835684
2.5791324736225087,-1.5863921541620718
2.583040250097694,-0.2971708453518932
2.58694802657288,0.1786085142967166
2.5908558030480653,-0.6235946611202886
2.594763579523251,-0.9717090157523193
2.598671355998437,-1.6151240976260548
2.6025791324736223,-1.8390877684281457
2.606486908948808,-1.0760199044768748
2.6103946854239934,-0.36818470802867936
2.6143024618991793,0.43907400016653514
2.6182102383743646,-0.2069765220068316
2.6221180148495504,-0.9615903391600326
2.6260257913247362,-1.562939546442297
2.6299335677999216,-1.7591272372062507
2.6338413442751074,-1.0936022651222863
2.6377491207502928,-0.5815773050966646
2.6416568972254786,-1.2208157478456068
2.645564673700664,-1.5638858345579154
2.6494724501758498,-2.252094519576907
2.6533802266510356,-2.065724062610209
2.657288003126221,-1.0100881287708376
2.6611957796014067,-0.1904999566508921
2.665103556076592,-0.05485866647574521
2.669011332551778,-0.13353016690285366
2.6729191090269633,-1.1179020461403217
2.676826885502149,-0.8817211111804961
2.680734661977335,-0.32288472905230514
2.6846424384525203,0.32783576191778474
2.688550214927706,0.9120401577725354
2.6924579914028914,0.4080876172409732
2.6963657678780772,0.2926350689715692
2.7002735443532626,-0.15951488357592147
2.7041813208284484,0.23633633424716852
2.7080890973036342,1.4827818722254946
2.7119968737788196,1.9033104831352259
2.7159046502540054,1.8177469576480663
2.7198124267291908,1.1790590955245948
2.7237202032043766,0.9039598863529306
2.727627979679562,0.3423697727808119
2.7315357561547478,1.327180289787883
2.7354435326299336,1.0875264828049747
2.739351309105119,1.8519971448028671
2.7432590855803047,0.9538818384554661
2.74716686205549,0.08048283394432976
2.751074638530676,-0.3731938162674532
2.7549824150058613,0.18310506802504847
2.758890191481047,0.8744026978860886
2.762797967956233,1.5983386059544116
2.7667057444314183,1.1978218256497064
2.770613520906604,0.46648397288461174
2.7745212973817894,-0.27791937445932463
2.7784290738569752,-0.25679584046330206
2.7823368503321606,0.33139484031769434
2.7862446268073464,0.4568366916641625
2.7901524032825322,0.4967511890953074
2.7940601797577176,0.2834837420070599
2.7979679562329034,-0.5236416938910682
2.8018757327080888,-0.7486999284828986
2.8057835091832746,-0.1633748202328499
2.80969128565846,0.7000166770023055
2.8135990621336457,0.9017101574779685
2.8175068386088316,0.4819251753387889
2.821414615084017,-0.14380710835497074
2.8253223915592027,-0.9734490985707364
2.829230168034388,-0.6634749169455759
2.833137944509574,-0.5627538408347426
2.8370457209847593,0.35736468936066124
2.840953497459945,0.045625611088680275
2.844861273935131,-0.6956223356702163
2.8487690504103163,-1.1588834988907104
2.852676826885502,-0.9709761855914275
2.8565846033606874,-0.3491077558011841
2.8604923798358732,-0.002853677479605872
2.8644001563110586,0.5102370909180096
2.8683079327862444,0.34034500791983924
2.87221570926143,-0.12119442415790728
2.8761234857366156,-0.25583919476888867
2.8800312622118014,-0.06162700569765067
2.8839390386869868,0.9191338859330558
2.8878468151621726,1.2756602435432731
2.891754591637358,1.193783641793146
2.8956623681125437,0.49055773078942805
2.8995701445877295,0.2234787904527807
2.903477921062915,0.44606109757518214
2.9073856975381007,1.3876355904081772
2.911293474013286,2.599120076026922
2.915201250488472,2.3752631913789792
2.9191090269636573,2.5197067430145
2.923016803438843,1.340993421703799
2.926924579914029,0.9402943178195367
2.9308323563892142,1.016329947402373
2.9347401328644,1.8233899721111142
2.9386479093395854,1.68765366773651
2.9425556858147712,1.2799722733290457
2.9464634622899566,0.8956465208495472
2.9503712387651424,-0.13972740714885043
2.954279015240328,0.3163663508794399
2.9581867917155136,0.6736214060522299
2.9620945681906994,1.3683757332706463
2.9660023446658847,1.6120997793479364
2.9699101211410706,0.4296626850799349
2.973817897616256,0.16092499788538872
2.9777256740914417,-0.2502292993882485
2.9816334505666275,-0.08209629833803853
2.985541227041813,0.6846763647839473
2.9894490035169987,0.8083055377067889
2.993356779992184,0.1677453305769215
2.99726455646737,-1.0239507419950915
3.0011723329425557,-1.1751632598628914
3.005080109417741,-0.6758498310415701
3.008987885892927,0.13205576065145197
3.0128956623681122,0.7286684702153696
3.016803438843298,0.36890470059374775
3.0207112153184834,-0.7362902250054402
3.024618991793669,-1.1162680939692071
3.028526768268855,-1.1807056999513788
3.0324345447440404,-0.7534282631041817
3.036342321219226,-0.22200576219958457
3.0402500976944116,-0.3810786857918658
3.0441578741695974,-1.1234326423506107
3.0480656506447827,-1.9232384173839505
3.0519734271199686,-2.342081952200909
3.0558812035951544,-1.306812954237518
3.0597889800703397,-0.44396195299330227
3.0636967565455255,0.074758892743928
3.067604533020711,-0.432254382984776
3.0715123094958967,-0.9976538976634759
3.075420085971082,-0.9338388216778064
3.079327862446268,-0.8418389268565794
3.0832356389214537,0.06415950559116579
3.087143415396639,0.5527553194443631
3.091051191871825,0.5493975276421385
3.0949589683470102,0.20401394710734758
3.098866744822196,-0.5327103756425141
3.1027745212973814,-0.24924340678392617
3.106682297772567,0.43633697598453025
3.110590074247753,1.3129628147805272
3.1144978507229384,1.6386870055024856
3.118405627198124,1.2889262157775343
3.1223134036733096,0.3726498504866533
3.1262211801484954,0.2584969468056024
3.1301289566236807,0.020166066600847517
3.1340367330988665,0.6677948289872182
3.1379445095740524,0.8387243553029768
3.1418522860492377,0.774485782340235
3.1457600625244235,-0.3142880617628747
3.149667838999609,-0.7705442748469833
3.1535756154747947,-1.1748347696090748
3.15748339194998,-0.15691928115516227
3.161391168425166,0.6152042214441841
3.1652989449003517,0.4954208255902743
3.169206721375537,0.05815766076906828
3.173114497850723,-1.027699901606054
3.1770222743259082,-0.957954399682554
3.180930050801094,-0.4413857593107473
3.1848378272762794,-0.3824841501924085
3.188745603751465,-0.2097653256722865
3.192653380226651,-0.29930732759507683
3.1965611567018364,-1.0361043155292604
3.200468933177022,-1.8595644319492577
3.2043767096522076,-1.5343603682175972
3.2082844861273934,-0.730046550868379
3.2121922626025787,-0.3509991810078756
3.2161000390777645,-0.3819735631613512
3.2200078155529503,-1.1291252028861523
3.2239155920281357,-1.8387976357264526
3.2278233685033215,-1.9032164386647046
3.231731144978507,-1.454012706897114
3.2356389214536927,-0.6911971796987607
3.239546697928878,-1.1531117820945518
3.243454474404064,-1.3348052409015752
3.2473622508792497,-2.2820732174306704
3.251270027354435,-2.465087404951388
3.255177803829621,-1.779598318526886
3.259085580304806,-1.1910375767773926
3.262993356779992,-0.24847699508563367
3.2669011332551774,-0.34218442379373104
3.270808909730363,-0.8241957938088975
3.274716686205549,-1.2728238207776659
3.2786244626807344,-0.6358291190923301
3.28253223915592,-0.48311651663995936
3.2864400156311055,0.26000881218054855
3.2903477921062914,0.3944892113638818
3.2942555685814767,-0.022562936532051343
3.2981633450566625,-0.5210620400659728
3.3020711215318483,-0.09941015128324743
3.3059788980070337,0.6883125372360193
3.3098866744822195,1.2446520547440258
3.313794450957405,1.6630828362109753
3.3177022274325907,1.616218377345837
3.321610003907776,0.6789134708523469
3.325517780382962,0.3921984415019167
3.3294255568581477,0.41271443659832624
3.333333333333333,0.6042886292788143
3.337241109808519,1.5457795141915776
3.341148886283704,1.3114389162193658
3.34505666275889,0.060124152701169616
3.3489644392340754,-0.5735662518948224
3.352872215709261,-0.46504685275237323
3.356779992184447,0.18002688771998807
3.3606877686596324,0.979537518861023
3.364595545134818,1.441417181558473
3.3685033216100035,0.5081385460246426
3.3724110980851894,-0.38870132200071694
3.3763188745603747,-0.8979678464623754
3.3802266510355605,-0.5046351000482747
3.3841344275107463,0.23775370634250306
3.3880422039859317,0.9110584933054157
3.3919499804611175,0.13134556199047218
3.395857756936303,-0.4568398673232773
3.3997655334114887,-1.0030017630616113
3.403673309886674,-0.5740397215367985
3.40758108636186,0.44043627992832707
3.4114888628370457,0.5325341357213402
3.415396639312231,0.5819619755744714
3.419304415787417,0.24154412284124702
3.423212192262602,-0.6175804983498172
3.427119968737788,-0.7071055962004427
3.4310277452129734,-0.628879951987765
3.434935521688159,-0.26681501735638063
3.438843298163345,0.07427196703160775
3.4427510746385304,-0.29556812914962755
3.446658851113716,-1.0827677687959054
3.4505666275889015,-1.4797835980667235
3.4544744040640873,-0.9489580192050152
3.4583821805392727,-0.009630993065898458
3.4622899570144585,0.7808275080015809
3.4661977334896443,0.7165754962397485
3.4701055099648297,0.05977496352017549
3.4740132864400155,-0.36264872238257895
3.477921062915201,-0.06913094856966577
3.4818288393903867,0.22383262428297493
3.485736615865572,1.2261863727271038
3.489644392340758,1.3459763116939836
3.4935521688159437,1.067370123748382
3.497459945291129,0.7778354424414177
3.501367721766315,0.4949896424003554
3.5052754982415,1.0965519491218334
3.509183274716686,1.770143166928615
3.5130910511918714,2.760470998839313
3.516998827667057,2.556659456833125
3.520906604142243,2.130379781853777
3.5248143806174284,1.0308997945359935
3.528722157092614,1.1044553374998178
3.5326299335677995,1.5808148415984924
3.5365377100429853,2.2423712884126563
3.5404454865181707,1.7353870892706253
3.5443532629933565,1.0575717258561466
3.5482610394685423,0.35194259878335116
3.5521688159437277,0.0859636672931983
3.5560765924189135,0.48439425837862077
3.559984368894099,1.3551547950839353
3.5638921453692847,1.826981196375671
3.56779992184447,0.993524619109632
3.571707698319656,0.4143145421625875
3.5756154747948417,-0.27844532663045235
3.579523251270027,0.2166141905046581
3.583431027745213,0.2483124479884807
3.587338804220398,0.8169059619835137
3.591246580695584,0.7554105865160602
3.5951543571707694,0.2535267702137493
3.599062133645955,-0.6837984431035119
3.602969910121141,-0.7508137120499596
3.6068776865963263,0.3820295797141057
3.610785463071512,0.45325515600497196
3.6146932395466975,0.45408971947945165
3.6186010160218833,0.3914283166413416
3.6225087924970687,-0.6383096154510781
3.6264165689722545,-1.2045638936075866
3.6303243454474403,-0.6758352799818682
3.6342321219226257,-0.24632232578859925
3.6381398983978115,-0.17613669405549146
3.642047674872997,-0.7174036232030037
3.6459554513481827,-1.0631667009416648
3.649863227823368,-1.5889988574574954
3.653771004298554,-1.481466645086245
3.6576787807737396,-0.2612017142269462
3.661586557248925,-0.0318871016707393
3.665494333724111,0.05918513326122346
3.669402110199296,-0.23901173487291055
3.673309886674482,-0.680779300220154
3.677217663149668,-0.6918563154242574
3.681125439624853,-0.2110680363113511
3.685033216100039,0.6805824058803548
3.6889409925752243,0.7256705827478802
3.69284876905041,0.9547205236404291
3.6967565455255955,0.07829177174380969
3.7006643220007813,0.09517436526142913
3.704572098475967,0.4330608512893843
3.7084798749511525,1.3692311152713088
3.7123876514263383,2.0577174307324517
3.7162954279015237,1.9652601869206832
3.7202032043767095,1.3131831703016443
3.724110980851895,0.7393537121305327
3.7280187573270807,0.35028972407751513
3.7319265338022665,0.8438049578694345
3.735834310277452,1.1318778759987689
3.7397420867526376,1.3530460003421563
3.743649863227823,0.2461190585628352
3.747557639703009,-0.10542054111405443
3.751465416178194,-0.7961866787737089
3.75537319265338,-0.6653167156455874
3.759280969128566,0.3830642110045327
3.763188745603751,0.6327616826801459
3.767096522078937,0.6158068025211029
3.7710042985541223,-0.4676648904363532
3.774912075029308,-1.058968569266422
3.7788198515044935,-1.3407085200780935
3.7827276279796793,-0.5435556705304873
3.786635404454865,-0.4732575167771584
3.7905431809300505,-0.43570198648210073
3.7944509574052363,-0.6632118593165405
3.7983587338804217,-1.3490747150538087
3.8022665103556075,-1.5255252899433547
3.806174286830793,-1.2196054412220063
3.8100820633059787,-0.27625925442260807
3.8139898397811645,0.016392617728863298
3.81789761625635,-0.6681923093697604
3.8218053927315356,-0.9918152766002127
3.825713169206721,-1.6773555723453377
3.829620945681907,-1.8007659740631128
3.833528722157092,-1.2368736339285507
3.837436498632278,-0.8702545677178903
3.841344275107464,-1.586524573506424
3.845252051582649,-1.966706252849211
3.849159828057835,-2.617085767503868
3.8530676045330203,-2.5512098470275864
3.856975381008206,-1.6203217860785148
3.8608831574833915,-0.34049121361737605
3.8647909339585773,-0.23491546585470796
3.868698710433763,-0.8239267976213849
3.8726064869089485,-1.1798642457419308
3.8765142633841343,-1.183537439333815
3.8804220398593197,-0.775421145915808
3.8843298163345055,-0.1318071461558317
3.888237592809691,0.22210235275772053
3.8921453692848766,0.31983538753852264
3.8960531457600625,-0.28912130903148414
3.899960922235248,-0.4878273581808555
3.9038686987104336,-0.14693290974678233
3.907776475185619,0.8443459122899187
3.911684251660805,1.3248171373607727
3.91559202813599,1.7894440795582918
3.919499804611176,0.9871089547115186
3.923407581086362,0.6280590774947495
3.927315357561547,-0.16546745221608275
3.931223134036733,0.6571114487203548
3.9351309105119183,0.8726408238608081
3.939038686987104,0.7820326069967851
3.9429464634622895,0.241795972097732
3.9468542399374753,-0.5532348011193038
3.950762016412661,-0.8330360109323081
3.9546697928878465,-0.4990718844773186
3.9585775693630323,0.053277374025261795
3.9624853458382177,0.7055381866950079
3.9663931223134035,0.9777372676960001
3.970300898788589,0.1814102430135033
3.9742086752637746,-0.7446273115608422
3.9781164517389604,-0.9137495859507779
3.982024228214146,-0.4056871764244699
3.9859320046893316,0.23687624643512936
3.989839781164517,-0.05328871383315208
3.993747557639703,-0.4852007199855776
3.997655334114888,-1.468238451278947
4.001563110590074,-1.2718299373318769
4.005470887065259,-0.7158377040944364
4.009378663540446,-0.12188927865264666
4.013286440015631,0.7167490600173732
4.017194216490816,-0.13430936548421532
4.021101992966002,-0.9722212198110637
4.025009769441188,-1.271570018983093
4.028917545916373,-1.1116424267509972
4.032825322391559,-0.48056945185653277
4.036733098866745,-0.46226493747941627
4.04064087534193,-0.2986374130770018
4.044548651817116,-1.1773263185122498
4.048456428292301,-1.824198397426516
4.052364204767487,-1.609236163246684
4.056271981242673,-0.9290538472835904
4.060179757717858,-0.4281036181684807
4.064087534193044,0.6449268075822124
4.06799531066823,0.3963249955773162
4.071903087143415,-0.5635861106066492
4.0758108636186,-0.6221268924752689
4.079718640093787,-0.19568756356727465
4.083626416568972,0.5764115418947018
4.087534193044157,1.0223103483573885
4.091441969519344,0.9634976168784142
4.095349745994529,0.577823259896263
4.099257522469714,0.43438951067345244
4.1031652989449,0.5826779385607
4.107073075420086,1.2699760290383981
4.110980851895271,2.3627662343567
4.114888628370457,1.9113230027000008
4.118796404845643,2.205120983170048
4.122704181320828,0.8957175925539553
4.126611957796014,0.7980442118995911
4.130519734271199,0.9122084071531987
4.134427510746385,1.4115428760407411
4.138335287221571,2.0751383666927583
4.142243063696756,1.2862713826377226
4.146150840171942,0.611595499804281
4.150058616647128,-0.007974351690921212
4.153966393122313,0.27281575109282763
4.157874169597498,0.9177627866636308
4.161781946072685,1.2782020530518967
4.16568972254787,1.697594028936763
4.169597499023055,0.7463416877651942
4.173505275498242,-0.20456598440825474
4.177413051973427,-0.21348232407259585
4.181320828448612,0.5631057452785099
4.185228604923798,1.0071511347362927
4.189136381398984,0.9043609330023055
4.193044157874169,0.39348321639639033
4.196951934349355,-0.3552744128064286
4.200859710824541,-0.23794519593268612
4.204767487299726,-0.19529691252406137
4.208675263774912,0.6017247048497232
4.212583040250097,1.2453974395980938
4.216490816725283,0.895235875104309
4.220398593200469,0.026722108178547352
4.224306369675654,-0.6908472481771745
4.22821414615084,-0.8152794163743742
4.232121922626026,-0.38404391863010623
4.236029699101211,0.23327117470056807
4.239937475576396,0.05652342143072782
4.243845252051583,-0.4374366586852147
4.247753028526768,-1.3041145409154513
4.251660805001953,-1.4324242830614444
4.25556858147714,-1.2471732209554898
4.259476357952325,0.23933934229464834
4.26338413442751,0.6945799939856173
4.267291910902696,0.6767254503992867
4.271199687377882,-0.6692789132574855
4.275107463853067,-0.08637637012329695
4.279015240328253,-0.26388929313748316
4.282923016803439,0.7320826142060899
4.286830793278624,0.9678861865015213
4.29073856975381,1.3428649807593271
4.294646346228995,0.52148769169197
4.298554122704181,0.12202306986161564
4.302461899179367,0.7213856069496222
4.306369675654552,1.0693075891309027
4.310277452129738,2.0384174052955553
4.314185228604924,2.524904111946838
4.318093005080109,2.046530435762261
4.322000781555294,1.196011524245416
4.325908558030481,0.7353138818679568
4.329816334505666,1.2590628719267107
4.333724110980851,1.2783287478344474
4.337631887456038,1.5840942757466407
4.341539663931223,1.3605853169346809
4.345447440406408,0.52786008009579
4.349355216881594,-0.12734779770778965
4.35326299335678,-0.22069188780664856
4.357170769831965,0.0684712481688671
4.361078546307151,1.2750970981334815
4.364986322782337,0.8175957118148578
4.368894099257522,0.4964590981707055
4.372801875732708,-0.5156625717876224
4.376709652207893,-0.7550326631237242
4.380617428683079,-0.3947811566967292
4.384525205158265,0.1690654362418502
4.38843298163345,0.40814488137832017
4.392340758108636,0.20923298276960692
4.396248534583822,-0.7961607013075215
4.400156311059007,-1.4141478890264794
4.404064087534192,-0.950512991647265
4.407971864009379,-0.16532320931032835
4.411879640484564,-0.030927173225145068
4.415787416959749,0.2509772220552334
4.4196951934349356,-0.449405731527736
4.423602969910121,-1.4449398078692182
4.427510746385306,-1.4033552653279358
4.431418522860492,-1.3617355418619457
4.435326299335678,-0.8091437350681535
4.439234075810863,-0.8053920821638801
4.443141852286049,-1.3220838383057276
4.447049628761235,-2.2896660536338973
4.45095740523642,-2.653101441314966
4.454865181711606,-1.5968889287651387
4.458772958186791,-1.1647441421561926
4.462680734661977,-0.522131711672681
4.466588511137163,-0.7672967370844413
4.470496287612348,-1.0234318982935429
4.474404064087534,-1.6243821367836564
4.47831184056272,-0.9113813651046669
4.482219617037905,-0.32952843319769887
4.48612739351309,0.0651553190969304
4.490035169988277,0.8210470824492702
4.493942946463462,0.15217671890636686
4.497850722938647,-0.6290003698157652
4.5017584994138335,-1.0664920956976254
4.505666275889019,0.5427773136212602
4.509574052364204,0.7579034800097326
4.51348182883939,1.2123197227455593
4.517389605314576,1.466506310970875
4.521297381789761,0.9946072207407538
4.525205158264947,0.2116347070070681
4.529112934740133,0.08526071458665914
4.533020711215318,0.5838663305797164
4.536928487690504,0.9967850235557622
4.540836264165689,0.7310112028298403
4.544744040640875,-0.1412389299382348
4.548651817116061,-0.9040860000730231
4.552559593591246,-1.0375463408535195
4.556467370066432,-0.5902886736355684
4.560375146541618,0.24104493920310407
4.564282923016803,0.20776754449501258
4.568190699491988,0.04356923863195996
4.572098475967175,-0.9225921828516847
4.57600625244236,-1.4024914894848666
4.579914028917545,-0.9461122320924621
4.5838218053927315,-0.11926693209572646
4.587729581867917,0.13888434887553808
4.591637358343102,-0.6338971493700595
4.595545134818288,-1.2513129213907888
4.599452911293474,-1.4245017128533584
4.603360687768659,-1.6709352198258856
4.607268464243845,-0.8012002742498081
4.611176240719031,0.06291120109735153
4.615084017194216,-0.13391594851406588
4.618991793669402,-0.5271485983017486
4.622899570144587,-1.6123938367112625
4.626807346619773,-1.8402360811638854
4.630715123094959,-1.3800277902714266
4.634622899570144,-1.200695816971023
4.63853067604533,-0.6000776245855796
4.642438452520516,-1.1146039987197853
4.646346228995701,-1.734794520896722
4.650254005470886,-2.1835218578462006
4.6541617819460726,-1.5946548529886715
4.658069558421258,-0.9285550468066769
4.661977334896443,-0.24332988701308783
4.6658851113716295,0.008603245591765202
4.669792887846815,-0.37133412039847
4.673700664322,-0.9684784907427354
4.6776084407971865,-0.9287783248000153
4.681516217272372,-0.410298703083201
4.685423993747557,0.3978319315942741
4.689331770222743,0.587183848243489
4.693239546697929,0.8925202211650584
4.697147323173114,-0.22075422890631252
4.7010550996483,-0.22436799769266394
4.704962876123486,0.3657387657739566
4.708870652598671,1.6422307077559375
4.712778429073857,2.0583728542791944
4.716686205549042,2.252622150656617
4.720593982024228,1.1960085851807936
4.724501758499414,0.7491632952175841
4.728409534974599,0.4694925138204489
4.732317311449785,1.5167394340879572
4.7362250879249705,1.3197012366161354
4.740132864400156,1.504995970613848
4.744040640875341,0.868361202381589
4.7479484173505275,0.05306040758863209
4.751856193825713,-0.28590330553029375
4.755763970300898,0.22332938271625405
4.7596717467760845,1.0337043577489697
4.76357952325127,1.3738851384148587
4.767487299726455,1.2414688792221713
4.771395076201641,0.7092560739466273
4.775302852676827,-0.37973656762081964
4.779210629152012,-0.4405840869399077
4.783118405627198,0.37949955326886203
4.787026182102384,1.3404691025187119
4.790933958577569,0.5156720018662475
4.794841735052755,0.3025597134490553
4.79874951152794,-0.31906958466342406
4.802657288003126,-0.7610630294347542
4.8065650644783116,0.10561932761402397
4.810472840953497,1.0769696156992372
4.814380617428683,0.9172443023797561
4.8182883939038685,0.4467048587957408
4.822196170379054,-0.4531464193091813
4.826103946854239,-1.0276043708125837
4.8300117233294255,-0.788906131943713
4.833919499804611,-0.36137477539052865
4.837827276279796,0.17667980125878172
4.8417350527549825,-0.3106192912907967
4.845642829230168,-0.8509088081504431
4.849550605705353,-1.7056489419980485
4.853458382180539,-1.1257769307523273
4.857366158655725,-0.19289711467206036
4.86127393513091,0.10370558038921358
4.865181711606096,0.8235238043793204
4.869089488081282,0.5854897593842864
4.872997264556467,-0.45448046818258375
4.876905041031653,0.0039319749779463025
4.880812817506838,0.3113307962827168
4.884720593982024,0.8940334092292815
4.8886283704572095,1.444260429778136
4.892536146932395,1.3298623698004175
4.896443923407581,0.6706372574622689
4.9003516998827665,0.5095477818480877
4.904259476357952,0.6734392347754851
4.908167252833137,1.8014644230635284
4.9120750293083235,2.2159265288390277
4.915982805783509,2.4756763472278562
4.919890582258694,1.673139609946466
4.9237983587338805,0.9846298540816083
4.927706135209066,1.156269240033552
4.931613911684251,1.4989286202895467
4.935521688159437,1.8761465017808054
4.939429464634623,1.5284186562700008
4.943337241109808,1.028131146488061
4.947245017584994,0.48256596363386534
4.95115279406018,-0.11140483951230992
4.955060570535365,0.6652911461459204
4.958968347010551,1.0348161003820782
4.962876123485736,1.4524934144647481
4.966783899960922,1.0991281463852494
4.9706916764361075,0.40873044518630763
4.974599452911293,-0.3160824267754267
4.978507229386479,-0.20651441925952582
4.9824150058616645,0.33250520306647935
4.98632278233685,0.4720568896866886
4.990230558812035,0.28918335127823147
4.9941383352872215,-0.4697593446024778
4.998046111762407,-0.7356123713559058
5.001953888237592,-1.222323777674693
5.0058616647127785,-0.9008024663987032
5.009769441187964,0.3603698020255193
5.013677217663149,1.1003972695863746
5.017584994138335,0.19695196136700535
5.021492770613521,-0.48558130470061944
5.025400547088706,-1.2521917427019773
5.029308323563892,-1.262112716367022
5.033216100039078,-0.5755746803488883
5.037123876514263,-0.45788520002508265
5.0410316529894486,-0.5914877532414021
5.044939429464634,-1.3098213508913834
5.04884720593982,-2.122591898967509
5.0527549824150055,-1.7519133402701288
5.056662758890191,-1.2431182543044954
5.060570535365377,-0.47981297807093787
5.0644783118405625,0.14087809201280163
5.068386088315748,-0.46692157648593974
5.072293864790933,-0.8922752417472335
5.0762016412661195,-1.1351186492903522
5.080109417741305,-0.48991831255828
5.08401719421649,0.1799359970590897
5.0879249706916765,0.5974129657913643
5.091832747166862,0.6255670439287506
5.095740523642047,0.1736525710472668
5.099648300117233,-0.35030344226793675
5.103556076592419,-0.14606962461495904
5.107463853067604,0.46242204218795513
5.11137162954279,1.3112762328077345
5.115279406017976,1.6032473450229914
5.119187182493161,0.9756842440804803
5.1230949589683465,0.2948854481219378
5.127002735443532,0.011767680656171025
5.130910511918718,0.3917691799997121
5.1348182883939035,0.7764864840899628
5.138726064869089,0.9863359114775399
5.142633841344275,0.3516111092092739
5.1465416178194605,-0.9005230512649314
5.150449394294646,-1.1995994485494057
5.154357170769831,-0.8105830687219439
5.1582649472450175,-0.2888814423032776
5.162172723720203,0.6267486695950012
5.166080500195388,0.6947980883921163
5.1699882766705745,-0.07800154786274617
5.17389605314576,-1.0820807545731277
5.177803829620945,-0.9194947975880001
5.181711606096131,-0.7425542852070286
5.185619382571317,-0.2920092230346544
5.189527159046502,-0.28515960749534014
5.193434935521688,-0.7891686047100245
5.197342711996874,-1.5492498379429551
5.201250488472059,-1.7225310388779946
5.2051582649472445,-1.2852397476380153
5.20906604142243,-0.5196854812198862
5.212973817897616,0.0361127987031018
5.2168815943728015,-0.08221732644441676
5.220789370847987,-0.9205365558875674
5.224697147323173,-2.0749134203887385
5.2286049237983585,-2.35288658590123
5.232512700273544,-1.2038681435079628
5.236420476748729,-1.2012985892775714
5.2403282532239155,-1.0751966948852545
5.244236029699101,-1.9070786587566826
5.248143806174286,-2.6911376487060985
5.2520515826494725,-2.298838433962194
5.255959359124658,-1.5861420314996932
5.259867135599843,-0.9109814805113573
5.263774912075029,-0.7788353971411179
5.267682688550215,-0.5676779226315628
5.2715904650254,-0.9580427392440243
5.2754982415005856,-1.6306711620321057
5.279406017975772,-0.9565343408983584
5.283313794450957,-0.19321302771381105
5.2872215709261425,0.5620784212640861
5.291129347401328,0.48859938915431506
5.295037123876514,-0.21839565435192934
5.2989449003516995,-0.20815197231076757
5.302852676826885,-0.25962703209751703
5.306760453302071,0.6017789739020494
5.3106682297772565,1.324010597196288
5.314576006252442,1.7383351228403905
5.318483782727627,1.2196682192319537
5.3223915592028135,0.6115156933377683
5.326299335677999,0.5706304812112108
5.330207112153184,0.19415989702332684
5.3341148886283705,0.6891080463702296
5.338022665103556,1.5299200277487977
5.341930441578741,0.7895116201218296
5.345838218053927,-0.11711228131130853
5.349745994529113,-0.3624050024190465
5.353653771004298,-0.5524308960828838
5.3575615474794835,0.632929988421279
5.36146932395467,1.0808180944027335
5.365377100429855,0.9036589838802531
5.3692848769050405,0.8073004243185158
5.373192653380226,-0.47826012906910353
5.377100429855412,-0.4826243441836996
5.3810082063305975,-0.19068248133795082
5.384915982805783,0.6030965534510437
5.388823759280969,0.8527445455663571
5.3927315357561545,0.10623111976471147
5.39663931223134,-0.7867085499776726
5.400547088706525,-0.9322658630631232
5.4044548651817115,-0.8157438913742742
5.408362641656897,0.5065164132279036
5.412270418132082,0.7332728558952303
5.4161781946072685,0.5220067318041856
5.420085971082454,-0.09412470191184989
5.423993747557639,-1.1280906426113808
5.4279015240328246,-1.2360739734305013
5.431809300508011,-0.3968565061702702
5.435717076983196,-0.24633674454734408
5.4396248534583815,-0.29201008056357636
5.443532629933568,-0.552708092499792
5.447440406408753,-1.1298201701590174
5.4513481828839385,-1.4157870740782978
5.455255959359124,-0.7999470859575645
5.45916373583431,-0.1988699092104072
5.4630715123094955,0.31100691573749456
5.466979288784681,0.8147593855371104
5.470887065259867,-0.09067275036984052
5.4747948417350525,-0.4786533263186623
5.478702618210238,0.05451419234610881
5.482610394685423,0.6604256833938381
5.4865181711606095,1.350213216035009
5.490425947635795,1.8147064670130393
5.49433372411098,0.8220945122900805
5.4982415005861665,0.6420276980894895
5.502149277061352,0.5425541916691878
5.506057053536537,1.3250541204668385
5.5099648300117225,2.4982746564208047
5.513872606486909,2.740463547127531
5.517780382962094,2.4167552554275993
5.5216881594372795,1.7644608510094772
5.525595935912466,0.9602663143893116
5.529503712387651,0.9663904763512658
5.5334114888628365,1.4360750681791818
5.537319265338022,1.571920778458648
5.541227041813208,2.0377570265237863
5.5451348182883935,0.6134911754386739
5.549042594763579,0.09359257685753446
5.552950371238765,0.05165599354359238
5.5568581477139505,0.7850479626518869
5.560765924189136,1.5895961289617873
5.564673700664321,1.7560828151217713
5.5685814771395075,0.9292209034314742
5.572489253614693,0.20815588661513512
5.576397030089878,-0.11638034562911129
5.5803048065650644,0.03008881447676085
5.58421258304025,0.9687888564387698
5.588120359515435,1.0275851302276902
5.5920281359906205,0.7023548292259697
5.595935912465807,-0.0773011859434214
5.599843688940992,-0.49790107423999896
5.6037514654161775,-0.5138957503146524
5.607659241891364,-0.07424874030900966
5.611567018366549,0.9024298090089691
5.6154747948417345,0.6908831809990266
5.61938257131692,0.03331895917901404
5.623290347792106,-0.5672402760190551
5.6271981242672915,-0.7765698955220481
5.631105900742477,-0.7126238348043348
5.635013677217663,-0.14646050597163995
5.6389214536928485,0.2354453478311281
5.642829230168034,-0.56360624356548
5.646737006643219,-0.8667030476463938
5.6506447831184055,-1.6186323356306702
5.654552559593591,-1.6677439758239145
5.658460336068776,-0.28784364777085675
5.662368112543962,0.34644985385311594
5.666275889019148,0.5553343394919328
5.670183665494333,-0.10059074123863097
5.6740914419695185,-0.7660637577114389
5.677999218444705,-0.9069629914749201
5.68190699491989,-0.04453755410311789
5.6858147713950755,0.5674623600079995
5.689722547870262,0.8457205069891314
5.693630324345447,0.6747469540314289
5.6975381008206325,0.32823241427390054
5.701445877295818,-0.0044161341301244056
5.705353653771004,0.30141489548117445
5.7092614302461895,1.5420811378629036
5.713169206721375,2.230907377616273
5.717076983196561,1.6561705137669807
5.7209847596717465,0.9993893172355606
5.724892536146932,0.3964200772175938
5.728800312622117,0.2036648240475257
5.7327080890973034,0.9380940749584399
5.736615865572489,1.1644110081814956
5.740523642047674,1.0564744742608692
5.74443141852286,0.027303007817276074
5.748339194998046,-0.664074503794424
5.752246971473231,-0.6220164922177064
5.7561547479484165,-0.31656780282444424
5.760062524423603,0.8228357597610113
5.763970300898788,0.684071642241687
5.7678780773739735,0.3577564897997883
5.77178585384916,-0.319556996846501
5.775693630324345,-1.3046486947410418
5.7796014067995305,-1.2391273235333689
5.783509183274716,-0.6352212888448293
5.787416959749902,0.27438512471970944
5.7913247362250875,-0.3390168138923674
5.795232512700273,-0.473189087028884
5.799140289175459,-1.6925599590512383
5.8030480656506445,-1.5030037262529015
5.80695584212583,-0.5704206929487077
5.810863618601015,0.2360903708724295
5.814771395076201,0.3828463303339986
5.818679171551387,-0.36569917258402
5.822586948026572,-1.2397091978330856
5.826494724501758,-1.7686740666849639
5.830402500976944,-1.5199019939434437
5.834310277452129,-1.2484008369531068
5.8382180539273145,-1.0727087107506779
5.842125830402501,-1.3153272267266094
5.846033606877686,-2.1001289682896696
5.8499413833528715,-2.611211125026705
5.853849159828058,-2.1027879217183463
5.857756936303243,-1.1879017807266155
5.8616647127784285,-0.5496051406840666
5.865572489253614,-0.09533377057684884
5.8694802657288,-1.0544261228320149
5.8733880422039855,-1.4116973611030965
5.877295818679171,-1.545437106421094
5.881203595154357,-1.1614965874723255
5.8851113716295425,-0.01717528681528688
5.889019148104728,0.3441869103602513
5.892926924579913,0.3810710832241353
5.896834701055099,-0.34307033872779874
5.900742477530285,-0.8424272832001227
5.90465025400547,0.24742751641339078
5.908558030480656,1.0684189965560607
5.912465806955842,1.6278318512072707
5.916373583431027,1.415408006426872
5.9202813599062125,0.6055200851537568
5.924189136381399,0.04940845544754324
5.928096912856584,0.20943179943842494
5.9320046893317695,0.7967386485998018
5.935912465806956,1.199982887976681
5.939820242282141,0.7463202642010198
5.9437280187573265,-0.04789626979589956
5.947635795232512,-0.5993625936064506
5.951543571707698,-1.255999114261109
5.9554513481828835,-0.40159054948191153
5.959359124658069,0.2847668764698015
5.963266901133255,0.650752463695117
5.9671746776084404,0.13713322635777042
5.971082454083626,-0.21538323862693523
5.974990230558811,-1.0077519285037195
5.978898007033997,-1.085796390835458
5.982805783509183,-0.8615969510269408
5.986713559984368,0.17137089506088884
5.990621336459554,0.4148038968126076
5.99452911293474,-0.265092844986431
5.998436889409925,-1.3295010057820227
6.002344665885111,-1.4175378968398316
6.006252442360297,-0.590690877781783
6.010160218835482,-0.08472566736353232
6.0140679953106675,0.46832054859204747
6.017975771785854,0.11559492348900553
6.021883548261039,-0.6082705956830122
6.0257913247362245,-1.3905459862645204
6.029699101211411,-1.2796669760613955
6.033606877686596,-0.8654418508622442
6.0375146541617815,-0.507350816518324
6.041422430636967,-0.6556963060897615
6.045330207112153,-1.2482464100194282
6.049237983587338,-1.6735881465286502
6.053145760062524,-1.840706994628498
6.05705353653771,-0.5722826268624281
6.060961313012895,-0.024777193821863195
6.064869089488081,0.36052511263326376
6.068776865963266,-0.1249829512939024
6.072684642438452,-1.0091970970339736
6.076592418913638,-0.49952386042465574
6.080500195388823,0.00016362168734964785
6.084407971864009,0.6289344581433527
6.088315748339195,1.1906743920302807
6.09222352481438,1.1146164274372279
6.0961313012895655,0.17070697516708208
6.100039077764752,0.09739574933203243
6.103946854239937,0.7703043994298936
6.1078546307151225,1.29511949477361
6.111762407190309,2.383146295025954
6.115670183665494,2.1558559050355166
6.1195779601406795,1.9217830632233557
6.123485736615865,1.107269677383453
6.127393513091051,0.5596776192635358
6.131301289566236,1.4615311137786038
6.135209066041422,1.6032372295132484
6.139116842516608,1.648935123521251
6.143024618991793,1.2595971622547681
6.146932395466979,0.6152273375795454
6.150840171942164,-0.22249788701073853
6.15474794841735,0.30968775252374986
6.158655724892536,1.1420922558080076
6.162563501367721,1.719360404759523
6.166471277842907,1.4446132119069566
6.170379054318093,0.6063077012442409
6.174286830793278,-0.16253737926307565
6.1781946072684635,-0.0756315891823698
6.18210238374365,0.1840358294103191
6.186010160218835,0.3494106035565094
6.1899179366940205,1.0015247157418625
6.193825713169207,0.4852617589828249
6.197733489644392,-0.8732290727979735
6.2016412661195774,-0.8212582906295741
6.205549042594763,-0.005113089529628279
6.209456819069949,1.0664282194417463
6.213364595545134,1.0724146759771587
6.21727237202032,0.5829612468299616
6.221180148495506,-0.13009830231458896
6.225087924970691,-0.4704310679298569
6.228995701445877,-0.8764617394598578
6.232903477921062,-0.42079707911830305
6.236811254396248,0.041135511728674225
6.240719030871434,-0.2273166106213805
6.244626807346619,-0.7135378732157651
6.248534583821805,-1.0633535645574839
6.252442360296991,-1.321547622894962
6.256350136772176,-0.7280388046636755
6.2602579132473615,0.1651439156777955
6.264165689722548,0.35124233634898655
6.268073466197733,0.5537366510984856
6.2719812426729185,-0.23493315813373247
6.275889019148105,-0.5329616089284211
6.27979679562329,0.5111671767246284
6.283704572098475,0.7345473210243963
6.287612348573661,1.090544953965855
6.291520125048847,1.072296711815641
6.295427901524032,0.8301537890972939
6.299335677999218,0.22787466656756203
6.303243454474404,0.1779135155406337
6.307151230949589,1.475890277840003
6.311059007424775,1.996879311359713
6.31496678389996,2.6961229925424943
6.318874560375146,2.012982060034945
6.322782336850332,0.9376997894441363
6.326690113325517,0.8881605480081549
6.330597889800703,0.8921651769296967
6.334505666275889,1.5456638677509091
6.338413442751074,1.616266234375586
6.3423212192262595,0.8423332582223472
6.346228995701446,0.017373495076984297
6.350136772176631,-0.21780046434879785
6.3540445486518164,-0.31921825562043843
6.357952325127003,0.36660341123194556
6.361860101602188,0.8474162287771074
6.365767878077373,1.0489982626303713
6.369675654552559,0.6719469065942539
6.373583431027745,-0.7019696019730242
6.37749120750293,-0.7295343215903675
6.381398983978116,-0.07318542515329529
6.385306760453302,0.18025419654400243
6.389214536928487,0.37895071168635375
6.393122313403673,-0.4588422187305023
6.397030089878858,-0.9415635177918852
6.400937866354044,-1.4174128176691512
6.40484564282923,-0.8218900869636097
6.408753419304415,-0.010958555211557544
6.412661195779601,0.7605838023784032
6.416568972254787,0.14251259166235614
6.420476748729972,-0.6989652907975842
6.4243845252051575,-1.4600562459277449
6.428292301680344,-1.7138758468907662
6.432200078155529,-1.15858408657719
6.436107854630714,-0.8292413299447592
6.440015631105901,-0.8059949715378387
6.443923407581086,-1.2242523404550314
6.447831184056271,-2.385977902510638
6.451738960531457,-2.1174314322996057
6.455646737006643,-1.4847956090535785
6.459554513481828,-0.8482754428716803
6.463462289957014,-0.6863056194821175
6.4673700664322,-0.5500040050970362
6.471277842907385,-0.7687121808792842
6.475185619382571,-1.400792303073004
6.479093395857756,-1.3177378136606983
6.483001172332942,-0.4591848162653425
6.486908948808128,0.4541600050744165
6.490816725283313,0.4435815569909731
6.494724501758499,-0.20442975486892304
6.498632278233685,-0.6958320900794012
6.50254005470887,-0.5701183421835553
6.5064478311840555,0.10521470576791027
6.510355607659242,1.4971305061757854
6.514263384134427,1.4782420999537909
6.518171160609612,1.374440255830632
6.522078937084799,0.6658284779235837
6.525986713559984,0.08987530868324141
6.529894490035169,-0.03136050363829617
6.533802266510355,0.6504109178799858
6.537710042985541,0.8322209126757137
6.541617819460726,0.28033476739107926
6.545525595935912,-0.3051400740234371
6.549433372411098,-1.2357154061169788
6.553341148886283,-0.7222983899679088
6.557248925361469,-0.37560958649281484
6.561156701836654,0.4390844706951807
6.56506447831184,0.5501725990634395
6.568972254787026,-0.14178138816317917
6.572880031262211,-0.7527535649840013
6.576787807737397,-1.2916699834105745
6.580695584212583,-0.7057054584033305
6.584603360687768,-0.543332911379797
6.5885111371629534,-0.018915069429613067
6.59241891363814,-0.07814290328438243
6.596326690113325,-1.3993331086189569
6.60023446658851,-1.7752460190954433
6.604142243063697,-1.2685499695454128
6.608050019538882,-0.5557275553231623
6.611957796014067,0.1054298862946517
6.615865572489253,0.07632010832297428
6.619773348964439,-0.5912392582206845
6.623681125439624,-1.261294288186299
6.62758890191481,-1.6348804138395328
6.631496678389996,-1.3805083345264544
6.635404454865181,-0.6738261914566094
6.639312231340367,-0.3523411652454377
6.643220007815552,-1.2779596233306447
6.647127784290738,-2.1569599486203814
6.651035560765924,-2.0010892034651637
6.654943337241109,-1.7278981370796291
6.658851113716295,-1.1853403999651542
6.662758890191481,0.09444958616768727
6.666666666666666,-0.17620487817040123
6.670574443141851,-0.6142087196382267
6.674482219617038,-0.9603911661442017
6.678389996092223,-0.8077220369640532
6.682297772567408,0.03512619395875648
6.686205549042595,0.5606366812688948
6.69011332551778,0.9439871631582932
6.694021101992965,0.39195347144517745
6.697928878468151,0.09195359911582122
6.701836654943337,0.09487630349471637
6.705744431418522,0.5069282046128255
6.709652207893708,1.8554043302949168
6.713559984368894,2.0544208976950866
6.717467760844079,2.0601063510578204
6.721375537319265,1.2460564895296566
6.72528331379445,0.9863884721115835
6.729191090269636,0.6521177543065919
6.733098866744822,1.1440710636596116
6.737006643220007,1.5810197066159057
6.740914419695193,1.2828364117935234
6.744822196170379,0.7295995569238573
6.748729972645564,-0.4453166974700158
6.752637749120749,-0.4066222526301091
6.756545525595936,0.19590454982645183
6.760453302071121,1.3363800898558256
6.764361078546306,1.723156140681037
6.768268855021493,0.8934053546903025
6.772176631496678,0.09757138860972346
6.776084407971863,-0.29356970942231747
6.779992184447049,0.14456486775645863
6.783899960922235,0.33575252451533827
6.78780773739742,0.9067898997191906
6.791715513872606,0.7521809798870421
6.795623290347792,-0.07186428842689437
6.799531066822977,-0.670769335364626
6.803438843298163,-0.3705063729227201
6.807346619773348,-0.3645054731382153
6.811254396248534,0.9965390664400765
6.81516217272372,0.8163106614653001
6.819069949198905,-0.030893562216678775
6.822977725674091,-0.38368770987974105
6.826885502149277,-0.5811841503045947
6.830793278624462,-0.5927338194001917
6.834701055099647,0.15987312954766017
6.838608831574834,0.4698206476708991
6.842516608050019,-0.03679655990293548
6.846424384525204,-0.7184169721868943
6.850332161000391,-1.2799516048770676
6.854239937475576,-1.0437248544528868
6.858147713950761,-0.4751753319584497
6.862055490425947,0.5548209266471534
6.865963266901133,0.5492854452959561
6.869871043376318,0.6467396899154063
6.873778819851504,-0.3258581622062861
6.87768659632669,-0.2344251507211261
6.881594372801875,0.4980355152915227
6.885502149277061,1.1719057029139954
6.889409925752246,1.7889847870487088
6.893317702227432,0.9938683055426493
6.897225478702618,0.5986741416279961
6.901133255177803,0.29178235808344904
6.905041031652989,0.7594400370970008
6.908948808128175,1.832047212195983
6.91285658460336,2.5502943331284342
6.916764361078545,2.3229327767294645
6.920672137553732,1.5532594674320614
6.924579914028917,0.7591259465955388
6.928487690504102,0.9361200032718755
6.932395466979289,1.100974294121392
6.936303243454474,1.9549237750978945
6.940211019929659,1.6709210336965643
6.944118796404845,0.6310474268232397
6.948026572880031,0.055012448408895506
6.951934349355216,-0.2715852989693953
6.955842125830402,0.413925798477712
6.959749902305588,1.3545042300629797
6.963657678780773,1.0592217638343544
6.967565455255959,1.0512256898586023
6.971473231731144,0.18732770579591335
6.97538100820633,-0.22367629954738427
6.979288784681516,-0.23546014373474136
6.983196561156701,0.11818529117672781
6.987104337631887,0.6023694265100736
6.991012114107073,0.29738490865476946
6.994919890582258,-0.06459116773520453
6.998827667057443,-0.922959093563249
7.00273544353263,-0.5811567330818425
7.006643220007815,-0.3370949369140149
7.010550996483,0.2662174000154548
7.014458772958187,0.2954349075367524
7.018366549433372,-0.3075079096932265
7.022274325908557,-1.1197132105171248
7.026182102383743,-1.2659926275201812
7.030089878858929,-1.0670692598267661
7.033997655334114,-0.9603255276134453
7.0379054318093,-0.2219814759146361
7.041813208284486,-0.8589491414202498
7.045720984759671,-1.499013489598674
7.049628761234857,-1.732962040720315
7.053536537710042,-1.667150593686314
7.057444314185228,-1.0739648643353816
7.061352090660414,-0.37642670251807375
7.065259867135599,-0.39805622366291876
7.069167643610785,-0.5522380859856874
7.073075420085971,-1.0333440327675814
7.076983196561156,-1.2910838285545794
7.080890973036341,-0.5786114217098133
7.084798749511528,0.24663059602270831
7.088706525986713,0.585340056209466
7.092614302461898,0.2440092032343565
7.096522078937085,-0.17386966524872352
7.10042985541227,-0.37046028933198083
7.104337631887455,-0.21645949657136881
7.108245408362641,1.1812539768288097
7.112153184837827,1.5922980051888584
7.116060961313012,1.599553263113674
7.119968737788198,1.0726936654801815
7.123876514263384,0.26103073982748926
7.127784290738569,0.19989426483289438
7.131692067213755,0.44817779335247887
7.13559984368894,0.7397020766699702
7.139507620164126,0.9009304608266201
7.143415396639312,-0.05054345038913234
7.147323173114497,-0.6430335750326152
7.151230949589683,-1.0368568520331765
7.155138726064869,-0.6986234932392822
7.159046502540054,0.06994403277533665
7.162954279015239,0.1823470222839725
7.166862055490426,0.1815630832783674
7.170769831965611,-0.4636557562345089
7.174677608440796,-1.0988084618656961
7.178585384915983,-1.360848165935559
7.182493161391168,-0.4030520436223551
7.186400937866353,-0.3305704499872071
7.190308714341539,-0.04686791696277729
7.194216490816725,-0.8030198041933965
7.19812426729191,-1.7097205650652518
7.202032043767096,-1.3769080301397056
7.205939820242282,-1.397378237257297
7.209847596717467,-0.2004068707417376
7.213755373192653,0.15444346104317466
7.217663149667838,-0.5780433760797083
7.221570926143024,-1.0011200983848292
7.22547870261821,-1.9045248854354921
7.229386479093395,-1.7353540809949362
7.233294255568581,-1.2221215789536457
7.237202032043767,-0.9272753318860603
7.241109808518952,-0.9703244378165827
7.245017584994137,-1.6784581002821346
7.248925361469324,-2.755047724494039
7.252833137944509,-2.067541123553747
7.256740914419694,-1.8691994123133773
7.260648690894881,-0.4418122830882115
7.264556467370066,-0.037291546977122315
7.268464243845251,-0.7770932274549451
7.272372020320437,-1.2170296581125923
7.276279796795623,-1.5431055727839769
7.280187573270808,-0.8929413048894376
7.284095349745994,-0.08852532665143135
7.28800312622118,0.6599735206570375
7.291910902696365,0.6477664698090447
7.295818679171551,0.13167398796466945
7.299726455646736,-0.567706828139286
7.303634232121922,-0.14039881108818972
7.307542008597108,0.4774966469985143
7.311449785072293,1.473849548982087
7.315357561547479,1.9796955442838553
7.319265338022665,1.560572534520521
7.32317311449785,0.278524043403119
7.327080890973035,0.117952696299109
7.330988667448222,0.5579681707607436
7.334896443923407,1.148590217608961
7.338804220398592,1.0565719412271481
7.342711996873779,0.7636667840732412
7.346619773348964,-0.23519107873605344
7.350527549824149,-0.6039290917818616
7.354435326299336,-0.21694696033889252
7.358343102774521,0.4394552845581723
7.362250879249706,0.9345620644948522
7.366158655724892,0.8973793919503795
7.370066432200078,0.2090680355952481
7.373974208675263,-0.5385343637522497
7.377881985150449,-0.647183786779024
7.381789761625635,0.18519542085918017
7.38569753810082,0.5470126044085205
7.389605314576006,0.4501671990761175
7.393513091051191,0.0908477345857514
7.397420867526377,-0.8292765452975003
7.401328644001563,-0.7843904388108488
7.405236420476748,-0.470366528395275
7.409144196951934,0.2508659977842652
7.41305197342712,0.8342710366453931
7.416959749902305,0.17699004370848495
7.42086752637749,-0.5181698160127267
7.424775302852677,-1.1896723674985537
7.428683079327862,-0.9735171301206506
7.432590855803047,-0.17715602436035002
7.436498632278234,0.37339355139882474
7.440406408753419,-0.03756309422393581
7.444314185228604,-0.7114863639875045
7.44822196170379,-1.8076637022390343
7.452129738178976,-1.606058332041937
7.456037514654161,-0.968126431173158
7.459945291129347,0.00018013108507193676
7.463853067604533,0.6006720336738398
7.467760844079718,0.34187284672732204
7.471668620554904,-0.5268431228738623
7.475576397030089,-0.2956203846531963
7.479484173505275,-0.28997281886749243
7.483391949980461,0.7659396343266295
7.487299726455646,1.7472515820474166
7.491207502930832,1.159859260686208
7.495115279406018,0.33855935376814744
7.499023055881203,0.36215588381467545
7.502930832356388,0.8484862381057148
7.506838608831575,1.8474188541893093
7.51074638530676,2.106289927986772
7.514654161781945,2.73160301780401
7.518561938257132,2.084132132480863
7.522469714732317,1.3917239827071675
7.526377491207502,1.5137137686071782
7.530285267682688,0.9230316299875121
7.534193044157874,1.787694226750816
7.538100820633059,2.037815254978633
7.542008597108245,1.7109702986891302
7.545916373583431,0.6772864091763159
7.549824150058616,0.12812879540529307
7.553731926533802,0.1132593508302616
7.557639703008987,0.9351813166436354
7.561547479484173,1.4537493478531174
7.565455255959359,1.6498365186565285
7.569363032434544,0.8091797094761295
7.57327080890973,0.18333004949899875
7.577178585384916,-0.17764465767871315
7.581086361860101,0.40642830178000516
7.584994138335286,0.7438276464302782
7.588901914810473,0.5649684607858031
7.592809691285658,0.6651590873167935
7.596717467760843,-0.5272768563277338
7.60062524423603,-0.8789111461180792
7.604533020711215,-0.5477403574496347
7.6084407971864,0.6047413969412744
7.612348573661586,0.47018433805208804
7.616256350136772,1.3350637300804027
7.620164126611957,0.16655091118336857
7.624071903087143,-0.7578136276377675
7.627979679562329,-1.01259423375119
7.631887456037514,-0.5551709207740346
7.6357952325127,-0.03530908888956791
7.639703008987885,-0.027147431146064323
7.643610785463071,-0.6555752313075275
7.647518561938257,-1.478544321744566
7.651426338413442,-1.7476461171802742
7.655334114888628,-1.1963024539473925
7.659241891363814,-0.2942493053152218
7.663149667838999,0.5596157013541251
7.667057444314184,0.34338545555321004
7.670965220789371,-0.9300909482102714
7.674872997264556,-0.6535629315509904
7.678780773739741,-0.5343665602172848
7.682688550214928,0.15587845078339604
7.686596326690113,0.7562369782976721
7.690504103165298,1.1399117256223783
7.694411879640484,0.6241939810301177
7.69831965611567,-0.21809606076071708
7.702227432590855,0.06933556820840064
7.706135209066041,0.5262437174771495
7.710042985541227,1.3459240378626056
7.713950762016412,1.8942029897489554
7.717858538491598,1.8170292288285617
7.721766314966783,1.0537615748933242
7.725674091441969,0.43231623348368414
7.729581867917155,0.56347346630324
7.73348964439234,1.0150871263732393
7.737397420867526,1.0761564220396271
7.741305197342712,0.9366053004178572
7.745212973817897,0.1778505791650137
7.749120750293082,-0.5293582570897268
7.753028526768269,-0.4752043591320422
7.756936303243454,0.04581803101959099
7.760844079718639,0.6638952278796177
7.764751856193826,0.9355409404471666
7.768659632669011,0.15493999813508066
7.772567409144196,-0.8207473201567038
7.776475185619382,-1.0880976391465942
7.780382962094568,-0.9463985422516665
7.784290738569753,-0.36067617337806596
7.788198515044939,0.0032210707075568433
7.792106291520125,-0.5109364352736792
7.79601406799531,-1.1857178830557353
7.799921844470496,-2.003780820566876
7.803829620945681,-1.401022129153518
7.807737397420867,-0.7075744472319586
7.811645173896053,-0.22598795322768064
7.815552950371238,0.043362551351804626
7.819460726846424,-0.5875721812960409
7.82336850332161,-1.8894740228100297
7.827276279796795,-2.039874703252104
7.83118405627198,-1.721116626719786
7.835091832747167,-1.236243553478924
7.838999609222352,-0.7819045579865062
7.842907385697537,-1.493422566928327
7.846815162172724,-2.254316076633327
7.850722938647909,-2.9199220331763716
7.854630715123094,-1.971872584255768
7.85853849159828,-1.4259709730078878
7.862446268073466,-0.45845427038756065
7.866354044548651,-0.37959884070491584
7.870261821023837,-0.6906370170304235
7.874169597499023,-1.689334860281774
7.878077373974208,-1.9159468477983637
7.881985150449394,-0.5968509365292725
7.885892926924579,0.47321374590204357
7.889800703399765,0.6007144946612899
7.893708479874951,0.01797352266034613
7.897616256350136,-0.645590527144518
7.901524032825322,-0.43631862190792714
7.905431809300508,-0.12800353729104796
7.909339585775693,1.1030051419130478
7.913247362250878,1.666658841844518
7.917155138726065,1.5661826865020398
7.92106291520125,1.1732984051434656
7.924970691676435,0.11988527535938157
7.928878468151622,-0.04862919020862837
7.932786244626807,0.537226036885655
7.936694021101992,0.5977274582237717
7.940601797577178,0.6122566708089658
7.944509574052364,-0.08110595169260582
7.948417350527549,-0.8427472705924257
7.952325127002735,-0.8466308635893829
7.956232903477921,-0.4740112250755839
7.960140679953106,0.66515462143912
7.964048456428292,0.7415742253197359
7.967956232903477,0.31249627624298393
7.971864009378663,-0.5320283338328352
7.975771785853849,-0.9207908918058124
7.979679562329034,-0.6122407455705079
7.98358733880422,-0.34795723625874886
7.987495115279406,0.08246825125898481
7.991402891754591,-0.08934260719828326
7.995310668229776,-1.0037770532386276
7.999218444704963,-1.4716124961207415
8.003126221180148,-1.3144877688702261
8.007033997655334,-0.344333293133356
8.010941774130519,0.27704474265368906
8.014849550605705,0.4145068799333453
8.018757327080891,-0.021616590266528842
8.022665103556076,-1.021192247956793
8.026572880031262,-1.3224099112049028
8.030480656506448,-1.166707366115268
8.034388432981633,-0.5375925336570195
8.038296209456819,-0.459943738418763
8.042203985932003,-1.2087182146426556
8.04611176240719,-1.4884323753821305
8.050019538882376,-1.6053071130704277
8.05392731535756,-1.3789744720072656
8.057835091832747,-0.47884671540413537
8.061742868307933,0.3938966820705669
8.065650644783117,0.3597579418050694
8.069558421258304,-0.057428774491989264
8.07346619773349,-0.7345590238232348
8.077373974208674,-0.6768990249699082
8.08128175068386,0.13809451368042808
8.085189527159047,1.061667734953259
8.089097303634231,1.1701722381238726
8.093005080109418,0.8301165626899158
8.096912856584602,0.37847455627996507
8.100820633059788,0.34153273461864975
8.104728409534975,0.4954409121708585
8.108636186010159,1.2836604610688964
8.112543962485345,2.302518572465147
8.116451738960532,2.1070915080143298
8.120359515435716,1.5762673368006503
8.124267291910902,0.9860658627782446
8.128175068386088,0.8174973444232314
8.132082844861273,1.6287295170372764
8.13599062133646,1.8729908868143805
8.139898397811645,1.7946433750523896
8.14380617428683,1.1742758149690293
8.147713950762016,0.03507962348890883
8.1516217272372,0.18347841914346125
8.155529503712387,0.41956156730646194
8.159437280187573,1.3347792404939278
8.163345056662758,1.4020146837086587
8.167252833137944,0.9903627280005677
8.17116060961313,0.6746957313044323
8.175068386088315,-0.0025130999439815205
8.178976162563501,-0.2053211313783503
8.182883939038687,0.34699092975340384
8.186791715513872,1.1908691115913514
8.190699491989058,0.6029841693149774
8.194607268464244,0.47177839640640884
8.198515044939429,-0.6871189876836576
8.202422821414615,-0.45218613030822963
8.2063305978898,-0.03296199385485428
8.210238374364986,0.914441848502881
8.214146150840172,0.9538545546418729
8.218053927315356,0.5485333944292969
8.221961703790543,-0.250430328150533
8.225869480265729,-0.9912743721114221
8.229777256740913,-0.5342866591298807
8.2336850332161,-0.2572779903334738
8.237592809691286,0.10901579813012821
8.24150058616647,-0.34606755948032875
8.245408362641657,-1.3915100479870217
8.249316139116843,-1.4807195004683251
8.253223915592027,-0.8209230149382037
8.257131692067214,-0.33855956881077454
8.261039468542398,0.3589790371548164
8.264947245017584,0.6022695406390997
8.26885502149277,0.27146905526258763
8.272762797967955,-0.2135325159856339
8.276670574443141,-0.7037628460854638
8.280578350918328,0.25001962339140144
8.284486127393512,0.965879184420533
8.288393903868698,1.415447755472046
8.292301680343884,1.1520969195528472
8.296209456819069,0.4967250458430335
8.300117233294255,0.3273688030318498
8.304025009769441,0.7076785664169741
8.307932786244626,1.4182367397873108
8.311840562719812,2.1192781704207153
8.315748339194997,2.295699488305047
8.319656115670183,1.9464332352302638
8.32356389214537,0.6587746967871516
8.327471668620554,0.35482670396578686
8.33137944509574,1.0101568492462045
8.335287221570926,1.464151912722897
8.33919499804611,1.5041091016323858
8.343102774521297,0.8903967163473833
8.347010550996483,-0.05779917477272416
8.350918327471668,-0.15690959932867538
8.354826103946854,-0.45165650054964274
8.35873388042204,0.433277568231273
8.362641656897225,1.061237383700306
8.36654943337241,0.5452957036153337
8.370457209847595,0.06621139249833427
8.374364986322782,-0.2732475980662565
8.378272762797968,-0.6947588467677579
8.382180539273152,-0.18571821868675148
8.386088315748339,0.02021681907853327
8.389996092223525,0.1080716023483191
8.39390386869871,-0.48223322716264866
8.397811645173896,-1.209377768480438
8.401719421649082,-1.1146356676054188
8.405627198124266,-0.7633254529903567
8.409534974599453,-0.31546382172212406
8.413442751074639,0.3215977779066272
8.417350527549823,-0.002628996845003298
8.42125830402501,-0.7143163765124322
8.425166080500194,-1.2755456340030449
8.42907385697538,-1.7920939740049657
8.432981633450567,-1.272948576989201
8.436889409925751,-0.9773008701897319
8.440797186400937,-0.9764892759352396
8.444704962876123,-1.5487440727959731
8.448612739351308,-2.087601757844364
8.452520515826494,-2.2885696248221685
8.45642829230168,-1.6237531180263591
8.460336068776865,-0.636948918233567
8.464243845252051,-0.41060594516020704
8.468151621727237,-0.12705481209511962
8.472059398202422,-1.447000249919092
8.475967174677608,-1.361817208321104
8.479874951152793,-0.6002259489362156
8.483782727627979,-0.19921305452844304
8.487690504103165,0.3186797323239377
8.49159828057835,0.1986370002947211
8.495506057053536,-0.31085323877638826
8.499413833528722,-0.39005081395206004
8.503321610003907,-0.8103579971671943
8.507229386479093,0.7765592623519842
8.51113716295428,1.0365053569026559
8.515044939429464,1.4647032459347142
8.51895271590465,0.9084590776326988
8.522860492379836,0.3471792235060039
8.52676826885502,-0.4347504285690692
8.530676045330207,0.2355704113091276
8.534583821805391,1.0586553682189632
8.538491598280578,0.5498438884796434
8.542399374755764,0.34687697109412047
8.546307151230948,-0.6615414247691076
8.550214927706135,-0.9753585089048823
8.55412270418132,-0.8514048188284747
8.558030480656505,-0.2509951808164583
8.561938257131692,0.5736658905538446
8.565846033606878,0.7745823472324538
8.569753810082062,-0.29070886818996866
8.573661586557249,-0.8444176056747321
8.577569363032435,-1.4341302902331896
8.58147713950762,-0.9440370952380921
8.585384915982806,-0.09583915025161102
8.58929269245799,0.21357246442859842
8.593200468933176,-0.5285276812615184
8.597108245408362,-1.3981784265640946
8.601016021883547,-1.6483318645866014
8.604923798358733,-1.4792123682675673
8.60883157483392,-0.31265652942161265
8.612739351309104,0.26082414057357944
8.61664712778429,-0.2079509066554605
8.620554904259476,-0.9761822988007947
8.624462680734661,-1.527379949070847
8.628370457209847,-1.7643883184079414
8.632278233685033,-1.2313198383646804
8.636186010160218,-0.3295853712012571
8.640093786635404,-0.8333368858866081
8.644001563110589,-1.4714828958440083
8.647909339585775,-2.1982752906588727
8.651817116060961,-2.0284949080370964
8.655724892536146,-1.5655184825670356
8.659632669011332,-0.7090981560822047
8.663540445486518,0.2459522537974548
8.667448221961703,0.12503721564916326
8.671355998436889,-0.8287155276872524
8.675263774912075,-1.4090376847000738
8.67917155138726,-0.5324804961405574
8.683079327862446,-0.06535382766525882
8.686987104337632,0.8940333899354628
8.690894880812817,0.41837273927149876
8.694802657288003,0.5027126307613715
8.698710433763187,-0.33845766821465256
8.702618210238374,0.21159872939691077
8.70652598671356,0.885751773757197
8.710433763188744,1.6153757255866048
8.71434153966393,2.0893735004377736
8.718249316139117,1.909305585143065
8.722157092614301,1.0507088354701326
8.726064869089488,0.7026856359370154
8.729972645564674,1.163434786602715
8.733880422039858,1.0143097434224466
8.737788198515045,1.906858569597643
8.74169597499023,1.2365338864579793
8.745603751465415,0.23038581206950862
8.749511527940601,-0.46553584974007584
8.753419304415786,-0.16083470674530811
8.757327080890972,0.744504751543966
8.761234857366158,1.2307765077674102
8.765142633841343,1.6411215173042701
8.76905041031653,0.47798302774845125
8.772958186791715,-0.005346634118459708
8.7768659632669,-0.5582756781683954
8.780773739742086,0.0975662340686574
8.784681516217272,0.7975260198183823
8.788589292692457,0.7727378741873653
8.792497069167643,-0.07332314379297324
8.79640484564283,-0.275316840148357
8.800312622118014,-0.6553103764614042
8.8042203985932,-0.37351471808780423
8.808128175068385,0.5682262158763202
8.812035951543571,0.7338155576891138
8.815943728018757,0.9986637305622948
8.819851504493942,0.3887164324995869
8.823759280969128,-0.953461235871181
8.827667057444314,-0.7768365288078157
8.831574833919499,-0.5564650466321507
8.835482610394685,0.04036239603785692
8.839390386869871,0.1821128569943125
8.843298163345056,-0.5327083092005291
8.847205939820242,-1.2952192908536753
8.851113716295428,-1.4070975889472996
8.855021492770613,-1.1155479988323513
8.858929269245799,-0.18847917497521569
8.862837045720983,0.8175389395814765
8.86674482219617,0.42665990119280034
8.870652598671356,0.2303808806254028
8.87456037514654,-0.25037666310606055
8.878468151621727,-0.5044440593163069
8.882375928096913,0.4250252716641822
8.886283704572097,1.5073329066937868
8.890191481047284,1.2441290292182134
8.89409925752247,0.9094024793140505
8.898007033997654,0.5742085006088099
8.90191481047284,0.6509467785813424
8.905822586948027,1.1465918134987874
8.909730363423211,2.0034170976117522
8.913638139898397,2.868224868908109
8.917545916373582,2.6299140144629742
8.921453692848768,1.7205398509625627
8.925361469323954,0.9796341836663894
8.929269245799139,0.8543214874021967
8.933177022274325,1.3384805112456957
8.937084798749511,1.9335991419554472
8.940992575224696,1.6245990003834647
8.944900351699882,1.0100164036879657
8.948808128175068,0.1346828144762468
8.952715904650253,-0.3730250991864844
8.95662368112544,0.7060043456849625
8.960531457600625,1.0167988384428743
8.96443923407581,1.327371468590143
8.968347010550996,0.9292350232795915
8.97225478702618,0.45315655318695763
8.976162563501367,0.21128300508700576
8.980070339976553,-0.07135309466313237
8.983978116451738,0.34107343217729275
8.987885892926924,0.78139702961383
8.99179366940211,0.5068097606027153
8.995701445877295,-0.4952185583964756
8.99960922235248,-0.6431263248150484
9.003516998827667,-0.8221670050561162
9.007424775302852,-0.06748704375451038
9.011332551778038,0.6297747723529608
9.015240328253224,0.6157168382217706
9.019148104728409,0.03906532547199129
9.023055881203595,-1.078793673298606
9.02696365767878,-1.4480030988616706
9.030871434153966,-1.2878851567488463
9.034779210629152,-0.47615686410742764
9.038686987104336,-0.26661431909098066
9.042594763579523,-0.8143991663305232
9.046502540054709,-1.3464441867925117
9.050410316529893,-2.07109344058584
9.05431809300508,-1.5818177900951675
9.058225869480266,-1.0469824559877539
9.06213364595545,-0.1742685623967244
9.066041422430636,0.11232877974348622
9.069949198905823,-0.37343301903748505
9.073856975381007,-1.1234077401935585
9.077764751856193,-1.0501399305483285
9.081672528331378,-0.6899661311831302
9.085580304806564,0.2895161159606659
9.08948808128175,0.8008318120016231
9.093395857756935,0.3728374056768111
9.097303634232121,-0.20486563319441453
9.101211410707307,-0.4140743704374436
9.105119187182492,0.16096129418941466
9.109026963657678,0.9580209063117756
9.112934740132864,1.809434532506669
9.116842516608049,1.5833759076759566
9.120750293083235,0.8688041622195738
9.124658069558421,0.020159561470990083
9.128565846033606,-0.36608640635700507
9.132473622508792,0.7133910528615385
9.136381398983977,0.8129936880439134
9.140289175459163,0.5741759445435468
9.14419695193435,0.13234313825838112
9.148104728409534,-0.8685283755001315
9.15201250488472,-0.8058823103215703
9.155920281359906,-0.3971621217947042
9.15982805783509,0.363452686001719
9.163735834310277,0.2907128604902013
9.167643610785463,0.39397384924999646
9.171551387260648,-0.5919574344956106
9.175459163735834,-1.2644458050492156
9.17936694021102,-1.0604707152045156
9.183274716686205,-0.8742675739909433
9.18718249316139,-0.04229716500895497
9.191090269636575,-0.5309170395464742
9.194998046111762,-1.3075882570213717
9.198905822586948,-1.9664488492288554
9.202813599062132,-1.4426750478358383
9.206721375537319,-1.126133249976244
9.210629152012505,0.04093965478056938
9.21453692848769,-0.16818119428921985
9.218444704962875,-0.9312513842327272
9.222352481438062,-1.6458084340486319
9.226260257913246,-1.6571652697402504
9.230168034388432,-1.738101447702976
9.234075810863619,-1.273010717803522
9.237983587338803,-0.8619425745942647
9.24189136381399,-1.1480748644013483
9.245799140289174,-1.763953765428379
9.24970691676436,-2.1780017336475925
9.253614693239546,-2.2793649306917727
9.257522469714731,-1.6099286724805486
9.261430246189917,-0.5897501938297792
9.265338022665103,-0.21816144256191064
9.269245799140288,-0.8670513280116057
9.273153575615474,-1.409548782728014
9.27706135209066,-1.2170951086654354
9.280969128565845,-0.7044830479367044
9.284876905041031,0.12710337566698288
9.288784681516217,0.3911341377192515
9.292692457991402,0.2570484112989017
9.296600234466588,-0.4218434073724793
9.300508010941773,-0.2729039948520258
9.304415787416959,0.2546211365647212
9.308323563892145,0.6406203071705336
9.31223134036733,1.546270628485969
9.316139116842516,1.4374087128626107
9.320046893317702,0.9660384611057943
9.323954669792887,0.39552835064499436
9.327862446268073,-0.026272073580437715
9.331770222743259,0.4942791578735071
9.335677999218444,0.9716394605050153
9.33958577569363,1.1968685767336864
9.343493552168816,0.5327443196532432
9.347401328644,-0.42386327230057286
9.351309105119187,-0.5712559614579187
9.355216881594373,-0.29764413652580113
9.359124658069558,0.538281389311563
9.363032434544744,1.386537625651908
9.366940211019928,1.0742642843241352
9.370847987495114,-0.1876845174697984
9.3747557639703,-0.3867216616725937
9.378663540445485,-0.3825154149104807
9.382571316920671,-0.22263341845206705
9.386479093395858,0.6639194265456138
9.390386869871042,0.7390034501538492
9.394294646346228,-0.4155476554160099
9.398202422821415,-1.0469067477244054
9.4021101992966,-0.7745922378320468
9.406017975771785,-0.3331303609899851
9.409925752246972,0.5217438868728611
9.413833528722156,0.8219827994187232
9.417741305197342,0.42633221312104796
9.421649081672527,-0.7203075219925422
9.425556858147713,-0.8180920072753003
9.4294646346229,-0.7050811009747968
9.433372411098084,-0.4444804666114494
9.43728018757327,-0.03608629235136311
9.441187964048456,-0.5572452169180139
9.44509574052364,-0.8609395263792669
9.449003516998827,-1.4161263766630883
9.452911293474013,-1.425826908621211
9.456819069949198,-0.40606984454318973
9.460726846424384,0.21025401750278142
9.46463462289957,0.7581758558072031
9.468542399374755,0.13039849086098843
9.472450175849941,-0.2477671710710998
9.476357952325126,-0.4579730941640493
9.480265728800312,0.10471367829388796
9.484173505275498,0.8069935654005596
9.488081281750683,1.3726356243251492
9.491989058225869,1.4234254351749738
9.495896834701055,0.6338946224046633
9.49980461117624,0.08868711073713956
9.503712387651426,1.1041015809810126
9.507620164126612,1.9306702100584647
9.511527940601797,2.213672586355683
9.515435717076983,2.730304685847913
9.519343493552169,1.9267323667400478
9.523251270027353,1.3356351972210048
9.52715904650254,1.0512156808355881
9.531066822977724,1.2691694236242659
9.53497459945291,1.6709524617392895
9.538882375928097,1.775949746238792
9.542790152403281,1.166191734717511
9.546697928878467,0.33694778194544994
9.550605705353654,0.017206770674128343
9.554513481828838,0.15877269226412646
9.558421258304024,1.1707392116464939
9.56232903477921,1.872694591803731
9.566236811254395,1.3279007334442736
9.570144587729581,0.7609134959210323
9.574052364204768,0.09767727914944938
9.577960140679952,-0.052842021608493495
9.581867917155138,0.31967591756898567
9.585775693630323,0.9785726953240752
9.58968347010551,0.9540764497482114
9.593591246580695,0.026523137495464474
9.59749902305588,-0.3104746316822398
9.601406799531066,-0.5731060800242147
9.605314576006252,-0.4436046414341288
9.609222352481437,0.49405274458296994
9.613130128956623,1.0497146056468478
9.61703790543181,0.5641411336953235
9.620945681906994,-0.005224655821662176
9.62485345838218,-0.4365632204120193
9.628761234857366,-1.11355784761121
9.63266901133255,-0.7700702769920534
9.636576787807737,-0.029094926695483723
9.640484564282922,-0.09501303506222487
9.644392340758108,-0.9674084643931221
9.648300117233294,-1.3136338600369588
9.652207893708479,-1.9178369789397856
9.656115670183665,-0.8580441012595389
9.660023446658851,-0.2097331037154727
9.663931223134036,0.7097555551022529
9.667838999609222,0.5188705059562441
9.671746776084408,-0.6258503241348486
9.675654552559593,-0.9029629216609628
9.679562329034779,-0.2859583861842424
9.683470105509965,0.2449294704514072
9.68737788198515,0.8965848693514924
9.691285658460336,0.8635904533193437
9.69519343493552,-0.055632262305669304
9.699101211410706,-0.116723601298561
9.703008987885893,-0.043969788367225496
9.706916764361077,0.808177895809831
9.710824540836263,2.033176516764985
9.71473231731145,1.7568315926387605
9.718640093786634,1.6640565325286858
9.72254787026182,0.6674565081714637
9.726455646737007,0.24406396282452644
9.730363423212191,0.6595267044179502
9.734271199687377,1.0746228370764517
9.738178976162564,1.2976855778727616
9.742086752637748,0.8977601467661714
9.745994529112934,-0.21494628475442376
9.749902305588119,-0.8639426298440274
9.753810082063305,-0.8341259845593323
9.757717858538491,-0.09772423098380455
9.761625635013676,1.254441076380179
9.765533411488862,0.9047202130692814
9.769441187964048,-0.26719253520511305
9.773348964439233,-1.0369984690449376
9.777256740914419,-0.9616747523213538
9.781164517389605,-0.5861677590012301
9.78507229386479,-0.026928067408095484
9.788980070339976,-0.04365971653282273
9.792887846815162,-0.5227863761500828
9.796795623290347,-1.2053785975951232
9.800703399765533,-1.6405718546601875
9.804611176240718,-1.7547897430273462
9.808518952715904,-0.5937310995913412
9.81242672919109,-0.17351918607873554
9.816334505666275,-0.14605725206776335
9.82024228214146,-0.3631797308042259
9.824150058616647,-1.621050018024756
9.828057835091832,-1.93228126596979
9.831965611567018,-1.2833367222835024
9.835873388042204,-0.8892248772428547
9.839781164517388,-0.9186422497874324
9.843688940992575,-1.4889395535609429
9.847596717467761,-1.9203385424170953
9.851504493942945,-2.7240881357519986
9.855412270418132,-1.8401079664921718
9.859320046893316,-1.1844434287342853
9.863227823368502,-0.29459084515170253
9.867135599843689,-0.6871552114738657
9.871043376318873,-1.158204949452306
9.87495115279406,-1.5271431874588302
9.878858929269246,-1.0348711988328332
9.88276670574443,-0.28578495110712804
9.886674482219616,-0.018525646818125737
9.890582258694803,0.3349805440285273
9.894490035169987,-0.27661114592681
9.898397811645173,-0.8580491649683298
9.90230558812036,-0.5559065763719823
9.906213364595544,0.18928478483918132
9.91012114107073,1.6455016275419618
9.914028917545915,1.67335157860454
9.917936694021101,0.9698334001875246
9.921844470496287,0.3757591403889862
9.925752246971472,0.19006017752806142
9.929660023446658,0.5310791757306531
9.933567799921844,0.34185961327195574
9.937475576397029,0.5929656344085469
9.941383352872215,0.9936674028988929
9.945291129347401,-0.09680376130108671
9.949198905822586,-0.9977217025021607
9.953106682297772,-0.7067014087451828
9.957014458772958,-0.6678883499642505
9.960922235248143,0.5608507860146885
9.964830011723329,0.7742729663999381
9.968737788198514,0.34570595717360975
9.9726455646737,-0.8053415618558731
9.976553341148886,-0.9526293188512699
9.98046111762407,-0.849870490791549
9.984368894099257,-0.01500647882971232
9.988276670574443,0.04278775315687105
9.992184447049627,-0.23014224613088013
9.996092223524814,-1.082912895119906
10.0,-1.2284920551151883
